# Time (s),Vertical acceleration (m/s²),Lateral acceleration (m/s²),Roll rate (rad/s),Pitch rate (rad/s),Yaw rate (rad/s),Air temperature (°C),Air pressure (kPa),Shenanigans (dBm/m)
0.01,14.89047,2.625592,0,0,0,0,99.57937,0.1488789
0.02,83.65094,14.74992,0,0,0,0,99.5793,0.9851635
0.03,85.70228,15.11162,0,0,0,0,99.57913,1.841957
0.04,87.10018,15.35811,0,0,0,0,99.57885,2.71273
0.05,87.59308,15.44502,0,0,0,0,99.57847,3.58844
0.06,87.18051,15.37228,0,0,0,0,99.57799,4.46003
0.07,86.76668,15.29931,0,0,0,0,99.57739,5.327486
0.08,86.35166,15.22613,0,0,0,0,99.5767,6.190797
0.09,85.9355,15.15275,0,0,0,0,99.5759,7.049951
0.1,85.51824,15.07917,0,0,0,0,99.57499,7.904937
0.11,85.0999,15.00541,0,0,0,0,99.57398,8.755744
0.12,84.68051,14.93146,0,0,0,0,99.57287,9.602361
0.13,84.26009,14.85733,0,0,0,0,99.57166,10.44478
0.14,83.83866,14.78302,0,0,0,0,99.57035,11.28298
0.15,83.41623,14.70853,0,0,0,0,99.56893,12.11697
0.16,82.99318,14.63394,0,0,0,0,99.56741,12.94673
0.17,82.56935,14.5592,0,0,0,0,99.5658,13.77225
0.18,82.14478,14.48434,0,0,0,0,99.56408,14.59353
0.19,81.7195,14.40935,0,0,0,0,99.56227,15.41055
0.2,81.42366,14.35719,0,0,0,0,99.56035,16.22463
0.21,81.91223,14.44334,0,0,0,0,99.55834,17.04359
0.22,82.53229,14.55267,0,0,0,0,99.55623,17.86874
0.235,83.33921,14.56934,0,0,0,0,99.55287,19.11837
0.2575,84.33386,14.87082,0,0,0,0,99.54741,21.01474
0.29125,83.7762,14.23819,0,0,0,0,99.53825,23.84035
0.34125,83.24286,14.12705,0,0,0,0,99.52257,27.99851
0.39125,83.52719,14.85795,0,0,0,0,99.50436,32.17418
0.438958,81.4894,15.3923,0,0,0,0,99.48467,36.06239
0.4825778,80.98911,17.58223,0,0,0,0,99.4647,39.60207
0.5325778,80.85193,20.0018,0,0,0,0,99.43952,43.65226
0.5825778,80.61011,22.58966,0,0,0,0,99.41188,47.69516
0.6325778,80.10349,25.44842,0,0,0,0,99.38181,51.71674
0.6825778,79.47838,27.23321,0,0,0,0,99.34931,55.69854
0.7325778,78.96008,28.42823,0,0,0,0,99.31442,59.65459
0.7825778,78.48199,29.4017,0,0,0,0,99.27714,63.58507
0.8325778,77.63303,31.12562,0,0,0,0,99.23749,67.48359
0.8825778,76.95177,31.83354,0,0,0,0,99.19549,71.33302
0.9325778,76.00683,33.22416,0,0,0,0,99.15118,75.15134
0.9821472,75.24699,34.06201,0,0,0,0,99.10498,78.88522
1.019743,74.95606,33.77438,0,0,0,0,99.06846,81.70025
1.063128,74.92266,32.87525,0,0,0,0,99.02472,84.94381
1.113128,74.94684,31.78533,0,0,0,0,98.97219,88.68414
1.163128,74.8179,31.23184,0,0,0,0,98.91741,92.42004
1.213128,74.80934,30.28437,0,0,0,0,98.86037,96.15321
1.263128,74.70352,29.57822,0,0,0,0,98.80106,99.88507
1.313128,74.29967,29.10061,0,0,0,0,98.73951,103.5959
1.363128,73.84258,28.18494,0,0,0,0,98.67572,107.2862
1.413128,73.20805,27.79719,0,0,0,0,98.6097,110.9419
1.463128,73.07752,25.67113,0,0,0,0,98.54148,114.5845
1.498507,72.68262,24.74677,0,0,0,0,98.49188,117.1537
1.524812,72.1953,24.73201,0,0,0,0,98.45429,119.0541
1.550474,71.65531,25.17582,0,0,0,0,98.41703,120.8962
1.5782,70.85883,26.34798,0,0,0,0,98.37614,122.8678
1.617967,69.65392,28.24964,0,0,0,0,98.31635,125.6534
1.667967,68.06242,30.51458,0,0,0,0,98.23929,129.083
1.717967,66.29082,32.88039,0,0,0,0,98.16018,132.4277
1.745842,65.15041,34.16226,0,0,0,0,98.1152,134.2514
1.765516,64.44482,34.61018,0,0,0,0,98.08309,135.5217
1.782966,63.87587,34.63031,0,0,0,0,98.05436,136.6371
1.799638,63.48071,34.34891,0,0,0,0,98.02669,137.6952
1.816502,63.16438,33.91524,0,0,0,0,97.99848,138.7595
1.833859,62.97026,33.16605,0,0,0,0,97.96923,139.8505
1.85288,62.90295,32.0195,0,0,0,0,97.9369,141.0434
1.875949,63.04238,30.25904,0,0,0,0,97.89733,142.4909
1.910552,63.84464,27.47152,0,0,0,0,97.83721,144.6842
1.960552,64.92515,23.56735,0,0,0,0,97.7487,147.903
1.984448,65.37132,21.55239,0,0,0,0,97.70571,149.4585
2.000899,65.41068,20.6347,0,0,0,0,97.67586,150.5323
2.015298,64.1632,19.91499,0,0,0,0,97.64955,151.4558
2.029216,62.60537,19.43776,0,0,0,0,97.62397,152.3277
2.043332,60.96829,19.26265,0,0,0,0,97.59788,153.1895
2.058368,59.26315,19.06695,0,0,0,0,97.56992,154.0817
2.074209,57.43421,18.91336,0,0,0,0,97.5403,154.9933
2.090969,55.39274,19.07834,0,0,0,0,97.50877,155.9246
2.110241,52.28215,19.38843,0,0,0,0,97.47276,156.938
2.136367,46.9898,19.81126,0,0,0,0,97.42379,158.1795
2.175556,38.95497,21.98238,0,0,0,0,97.34967,159.7518
2.196967,33.26424,22.74872,0,0,0,0,97.30888,160.4702
2.209606,30.59468,22.33927,0,0,0,0,97.28472,160.8569
2.221352,28.81185,21.70073,0,0,0,0,97.26222,161.1955
2.233144,27.19671,20.83782,0,0,0,0,97.23958,161.5159
2.245443,25.65115,19.70713,0,0,0,0,97.21593,161.8304
2.258829,23.92873,18.73129,0,0,0,0,97.19013,162.1507
2.272834,22.27623,17.75389,0,0,0,0,97.16309,162.4619
2.287513,21.15979,16.6566,0,0,0,0,97.13469,162.7708
2.303997,20.2252,14.83865,0,0,0,0,97.10273,163.0996
2.327228,19.6495,10.7361,0,0,0,0,97.0576,163.5433
2.362073,18.17945,6.202928,0,0,0,0,96.98967,164.1661
2.378407,15.95644,4.897708,0,0,0,0,96.95774,164.424
2.394109,14.43878,4.448454,0,0,0,0,96.92701,164.6512
2.410363,13.0809,3.65555,0,0,0,0,96.89515,164.8628
2.425676,11.75872,2.852862,0,0,0,0,96.8651,165.0423
2.439961,10.41999,2.400006,0,0,0,0,96.83703,165.1914
2.454299,8.926471,2.560074,0,0,0,0,96.80884,165.3216
2.47078,6.943899,3.826094,0,0,0,0,96.77642,165.4415
2.495502,4.126595,5.873208,0,0,0,0,96.72774,165.5572
2.532585,0.222741,7.852976,0,0,0,0,96.65469,165.5881
2.550129,-2.610411,7.987014,0,0,0,0,96.62013,165.5429
2.564185,-4.196676,7.954876,0,0,0,0,96.59245,165.4847
2.576882,-5.435001,7.688835,0,0,0,0,96.56746,165.4159
2.58914,-6.386831,7.245294,0,0,0,0,96.54334,165.3372
2.601532,-7.074713,6.499156,0,0,0,0,96.51897,165.2481
2.614947,-7.365998,4.591921,0,0,0,0,96.49261,165.1451
2.6348,-7.590722,1.693466,0,0,0,0,96.45362,164.9858
2.664579,-8.244618,1.933995,0,0,0,0,96.39522,164.7284
2.691092,-9.625957,4.397481,0,0,0,0,96.3433,164.4654
2.706915,-10.81049,5.407764,0,0,0,0,96.31235,164.2927
2.72112,-11.52744,5.669265,0,0,0,0,96.2846,164.1288
2.735354,-12.29213,5.649257,0,0,0,0,96.25682,163.9544
2.750516,-13.16772,5.377198,0,0,0,0,96.22727,163.7561
2.767844,-14.04375,5.208146,0,0,0,0,96.19353,163.5141
2.787679,-14.66945,4.540963,0,0,0,0,96.15498,163.2258
2.814499,-15.59689,2.914582,0,0,0,0,96.10296,162.8169
2.85473,-17.08754,0.3281208,0,0,0,0,96.02519,162.1488
2.880123,-17.98055,0.6205763,0,0,0,0,95.97628,161.6961
2.898017,-18.40581,0.8590233,0,0,0,0,95.94189,161.3674
2.914361,-18.37945,0.1642034,0,0,0,0,95.91054,161.0645
2.933725,-18.16016,1.008368,0,0,0,0,95.87347,160.7083
2.96276,-17.72461,2.927346,0,0,0,0,95.81805,160.1833
3,-18.07222,2.981193,0,0,0,0,95.751,159.3299
3.01,-18.51507,3.142784,0,0,0,0,95.73,159.153
3.02,-18.95431,3.303273,0,0,0,0,95.71,158.9867
3.03,-19.35107,3.448619,0,0,0,0,95.691,158.8175
3.04,-19.70902,3.580117,0,0,0,0,95.669,158.7292
3.05,-20.0352,3.700289,0,0,0,0,95.658,158.3703
3.06,-20.32288,3.80668,0,0,0,0,95.634,158.2175
3.07,-20.58272,3.903123,0,0,0,0,95.62,157.8434
3.08,-20.80832,3.987282,0,0,0,0,95.597,157.6867
3.09,-21.01302,4.063971,0,0,0,0,95.58,157.4297
3.1,-21.19204,4.13144,0,0,0,0,95.554,157.5952
3.11,-21.36599,4.197155,0,0,0,0,95.538,157.5606
3.12,-21.52564,4.257757,0,0,0,0,95.525,157.1463
3.13,-21.66043,4.309407,0,0,0,0,95.501,157.0943
3.14,-21.78547,4.357573,0,0,0,0,95.486,156.7814
3.15,-21.89087,4.398657,0,0,0,0,95.464,156.6998
3.16,-21.98848,4.436958,0,0,0,0,95.446,156.5582
3.17,-22.07691,4.471965,0,0,0,0,95.424,156.6253
3.18,-22.16248,4.505975,0,0,0,0,95.406,156.6121
3.19,-22.24431,4.538664,0,0,0,0,95.394,156.1524
3.2,-22.30674,4.564315,0,0,0,0,95.373,155.8756
3.21,-22.35803,4.585932,0,0,0,0,95.352,155.7537
3.22,-22.40358,4.605481,0,0,0,0,95.334,155.586
3.23,-22.44324,4.622904,0,0,0,0,95.32,155.1554
3.24,-22.46821,4.634976,0,0,0,0,95.299,154.8945
3.25,-22.48592,4.644405,0,0,0,0,95.282,154.563
3.26,-22.49446,4.650488,0,0,0,0,95.264,154.2272
3.27,-22.49447,4.653455,0,0,0,0,95.246,153.8898
3.28,-22.48667,4.653559,0,0,0,0,95.227,153.6019
3.29,-22.47355,4.651718,0,0,0,0,95.204,153.5446
3.3,-22.4638,4.651111,0,0,0,0,95.191,153.2247
3.31,-22.44761,4.648141,0,0,0,0,95.175,152.8185
3.32,-22.42263,4.641936,0,0,0,0,95.155,152.5144
3.33,-22.39336,4.634143,0,0,0,0,95.128,152.595
3.34,-22.37416,4.630055,0,0,0,0,95.116,152.3843
3.35,-22.35352,4.625431,0,0,0,0,95.098,152.1673
3.36,-22.33134,4.620238,0,0,0,0,95.082,151.866
3.37,-22.3047,4.613393,0,0,0,0,95.061,151.6889
3.38,-22.27853,4.606716,0,0,0,0,95.045,151.428
3.39,-22.24976,4.599072,0,0,0,0,95.032,150.9792
3.4,-22.21179,4.58802,0,0,0,0,95.011,150.6686
3.41,-22.17322,4.576732,0,0,0,0,94.992,150.4127
3.42,-22.13476,4.565476,0,0,0,0,94.971,150.2913
3.43,-22.09645,4.554259,0,0,0,0,94.956,150.0637
3.44,-22.05827,4.543079,0,0,0,0,94.939,149.8168
3.45,-22.02022,4.531937,0,0,0,0,94.919,149.6679
3.46,-21.98231,4.520833,0,0,0,0,94.902,149.4951
3.47,-21.94453,4.509767,0,0,0,0,94.887,149.2245
3.48,-21.90688,4.498737,0,0,0,0,94.873,148.8257
3.49,-21.86937,4.487744,0,0,0,0,94.844,148.8927
3.5,-21.83199,4.476789,0,0,0,0,94.83,148.8061
3.51,-21.79567,4.466219,0,0,0,0,94.82,148.4189
3.52,-21.75992,4.455847,0,0,0,0,94.801,148.111
3.53,-21.72292,4.444998,0,0,0,0,94.781,147.9187
3.54,-21.68605,4.434185,0,0,0,0,94.766,147.6324
3.55,-21.6493,4.423407,0,0,0,0,94.744,147.5469
3.56,-21.61269,4.412666,0,0,0,0,94.727,147.4431
3.57,-21.5762,4.401961,0,0,0,0,94.714,147.1552
3.58,-21.54009,4.391383,0,0,0,0,94.7,146.738
3.59,-21.50385,4.380748,0,0,0,0,94.681,146.4152
3.6,-21.46774,4.370149,0,0,0,0,94.66,146.2687
3.61,-21.43176,4.359585,0,0,0,0,94.647,145.9395
3.62,-21.3959,4.349055,0,0,0,0,94.627,145.7487
3.63,-21.36027,4.3386,0,0,0,0,94.608,145.6439
3.64,-21.32476,4.32818,0,0,0,0,94.592,145.4863
3.65,-21.28938,4.317795,0,0,0,0,94.574,145.3701
3.66,-21.25411,4.307442,0,0,0,0,94.559,145.1578
3.67,-21.21897,4.297124,0,0,0,0,94.544,144.8573
3.68,-21.18395,4.28684,0,0,0,0,94.522,144.7965
3.69,-21.14905,4.27659,0,0,0,0,94.51,144.4989
3.7,-21.11427,4.266372,0,0,0,0,94.495,144.1224
3.71,-21.07961,4.256188,0,0,0,0,94.475,143.906
3.72,-21.04506,4.246036,0,0,0,0,94.46,143.6066
3.73,-21.01063,4.235918,0,0,0,0,94.441,143.4181
3.74,-20.97394,4.224929,0,0,0,0,94.431,142.9139
3.75,-20.92129,4.207893,0,0,0,0,94.411,142.5882
3.76,-20.86597,4.18982,0,0,0,0,94.386,142.6608
3.77,-20.82307,4.176435,0,0,0,0,94.375,142.4455
3.78,-20.78068,4.163225,0,0,0,0,94.352,142.5274
3.79,-20.74722,4.153389,0,0,0,0,94.344,142.1824
3.8,-20.71354,4.143455,0,0,0,0,94.326,141.9146
3.81,-20.67513,4.131716,0,0,0,0,94.31,141.6255
3.82,-20.63403,4.118941,0,0,0,0,94.294,141.3186
3.83,-20.58983,4.104968,0,0,0,0,94.28,140.9045
3.84,-20.5388,4.088376,0,0,0,0,94.257,140.8103
3.85,-20.49356,4.073971,0,0,0,0,94.241,140.6855
3.86,-20.45242,4.061111,0,0,0,0,94.227,140.442
3.87,-20.4106,4.047976,0,0,0,0,94.212,140.1375
3.88,-20.36572,4.033658,0,0,0,0,94.189,140.1446
3.89,-20.32992,4.022789,0,0,0,0,94.174,140.0708
3.9,-20.29817,4.013456,0,0,0,0,94.16,139.8787
3.91,-20.26652,4.004153,0,0,0,0,94.136,140.0331
3.92,-20.23497,3.994878,0,0,0,0,94.13,139.6893
3.93,-20.20354,3.985633,0,0,0,0,94.108,139.6149
3.94,-20.1722,3.976416,0,0,0,0,94.098,139.2472
3.95,-20.14097,3.967228,0,0,0,0,94.076,139.1515
3.96,-20.10983,3.958068,0,0,0,0,94.064,138.8577
3.97,-20.07881,3.948937,0,0,0,0,94.048,138.5631
3.98,-20.04788,3.939834,0,0,0,0,94.029,138.4022
3.99,-20.01705,3.930759,0,0,0,0,94.015,138.1428
4,-19.98633,3.921713,0,0,0,0,93.997,137.9713
4.01,-19.9557,3.912693,0,0,0,0,93.983,137.7049
4.02,-19.92518,3.903703,0,0,0,0,93.962,137.6605
4.03,-19.89476,3.894739,0,0,0,0,93.947,137.5561
4.04,-19.86443,3.885803,0,0,0,0,93.937,137.1795
4.05,-19.8342,3.876895,0,0,0,0,93.915,137.0794
4.06,-19.80407,3.868013,0,0,0,0,93.901,136.8842
4.07,-19.77404,3.85916,0,0,0,0,93.88,136.9071
4.08,-19.74411,3.850332,0,0,0,0,93.868,136.7394
4.09,-19.72113,3.844191,0,0,0,0,93.851,136.6148
4.1,-19.70293,3.839894,0,0,0,0,93.836,136.4441
4.11,-19.6845,3.835505,0,0,0,0,93.824,136.1027
4.12,-19.6594,3.828523,0,0,0,0,93.808,135.7791
4.13,-19.62989,3.819815,0,0,0,0,93.793,135.43
4.14,-19.60047,3.811133,0,0,0,0,93.774,135.2312
4.15,-19.57114,3.802477,0,0,0,0,93.759,134.999
4.16,-19.54191,3.793848,0,0,0,0,93.739,134.9519
4.17,-19.51277,3.785244,0,0,0,0,93.725,134.8174
4.18,-19.48373,3.776667,0,0,0,0,93.714,134.4757
4.19,-19.45477,3.768115,0,0,0,0,93.698,134.1595
4.2,-19.42592,3.759589,0,0,0,0,93.68,133.9534
4.21,-19.39715,3.751088,0,0,0,0,93.66,133.9346
4.22,-19.36848,3.742613,0,0,0,0,93.649,133.7036
4.23,-19.33989,3.734164,0,0,0,0,93.633,133.4928
4.24,-19.3114,3.725739,0,0,0,0,93.615,133.3867
4.25,-19.283,3.717341,0,0,0,0,93.602,133.1641
4.26,-19.25469,3.708967,0,0,0,0,93.593,132.6654
4.27,-19.21723,3.696989,0,0,0,0,93.569,132.5547
4.28,-19.17971,3.684972,0,0,0,0,93.55,132.5872
4.29,-19.15166,3.676663,0,0,0,0,93.531,132.7517
4.3,-19.12379,3.668415,0,0,0,0,93.521,132.6535
4.31,-19.09601,3.660191,0,0,0,0,93.506,132.5282
4.32,-19.06831,3.651992,0,0,0,0,93.489,132.4639
4.33,-19.04735,3.646438,0,0,0,0,93.483,131.9878
4.34,-19.02664,3.640978,0,0,0,0,93.465,131.6466
4.35,-18.99932,3.632898,0,0,0,0,93.449,131.3454
4.36,-18.97191,3.624776,0,0,0,0,93.432,131.1247
4.37,-18.94459,3.616678,0,0,0,0,93.407,131.3195
4.38,-18.91763,3.60871,0,0,0,0,93.406,130.8735
4.39,-18.89053,3.600679,0,0,0,0,93.385,130.6932
4.4,-18.86354,3.592682,0,0,0,0,93.367,130.6293
4.41,-18.83849,3.585443,0,0,0,0,93.349,130.6731
4.42,-18.82415,3.582445,0,0,0,0,93.34,130.4326
4.43,-18.80649,3.578129,0,0,0,0,93.331,129.9324
4.44,-18.77974,3.570192,0,0,0,0,93.31,129.7068
4.45,-18.75307,3.562278,0,0,0,0,93.297,129.3935
4.46,-18.72648,3.554387,0,0,0,0,93.279,129.2141
4.47,-18.69998,3.546519,0,0,0,0,93.267,128.9029
4.48,-18.67356,3.538674,0,0,0,0,93.244,128.9406
4.49,-18.64723,3.530851,0,0,0,0,93.237,128.6172
4.5,-18.62097,3.523052,0,0,0,0,93.221,128.3473
4.51,-18.58578,3.51167,0,0,0,0,93.203,128.2128
4.52,-18.55112,3.500484,0,0,0,0,93.19,127.9904
4.53,-18.5157,3.488977,0,0,0,0,93.179,127.6032
4.54,-18.47298,3.474532,0,0,0,0,93.159,127.45
4.55,-18.43284,3.461099,0,0,0,0,93.147,127.1714
4.56,-18.39016,3.446629,0,0,0,0,93.125,127.2052
4.57,-18.35773,3.436251,0,0,0,0,93.118,126.8865
4.58,-18.3204,3.423896,0,0,0,0,93.105,126.5017
4.59,-18.276,3.408675,0,0,0,0,93.083,126.4413
4.6,-18.23821,3.396094,0,0,0,0,93.067,126.4233
4.61,-18.20811,3.386594,0,0,0,0,93.052,126.4021
4.62,-18.18336,3.379241,0,0,0,0,93.042,126.1653
4.63,-18.15869,3.371908,0,0,0,0,93.023,126.1152
4.64,-18.1341,3.364596,0,0,0,0,93.011,125.9386
4.65,-18.10957,3.357305,0,0,0,0,92.992,125.9453
4.66,-18.08513,3.350034,0,0,0,0,92.985,125.6089
4.67,-18.06082,3.34281,0,0,0,0,92.965,125.5134
4.68,-18.03659,3.335608,0,0,0,0,92.955,125.2131
4.69,-18.01244,3.328426,0,0,0,0,92.94,124.9396
4.7,-17.98835,3.321263,0,0,0,0,92.923,124.7768
4.71,-17.96434,3.314121,0,0,0,0,92.909,124.5887
4.72,-17.9404,3.306999,0,0,0,0,92.893,124.4636
4.73,-17.91654,3.299896,0,0,0,0,92.878,124.3544
4.74,-17.89274,3.292813,0,0,0,0,92.868,124.0474
4.75,-17.86902,3.28575,0,0,0,0,92.851,123.8585
4.76,-17.84537,3.278706,0,0,0,0,92.833,123.8215
4.77,-17.82178,3.271681,0,0,0,0,92.826,123.4557
4.78,-17.79827,3.264676,0,0,0,0,92.804,123.4288
4.79,-17.77483,3.25769,0,0,0,0,92.794,123.2019
4.8,-17.75146,3.250724,0,0,0,0,92.776,123.1336
4.81,-17.72816,3.243777,0,0,0,0,92.763,122.9981
4.82,-17.70493,3.236848,0,0,0,0,92.751,122.7593
4.83,-17.68177,3.229939,0,0,0,0,92.738,122.4695
4.84,-17.65868,3.223049,0,0,0,0,92.72,122.3469
4.85,-17.63565,3.216177,0,0,0,0,92.708,122.123
4.86,-17.6127,3.209325,0,0,0,0,92.692,121.9776
4.87,-17.58981,3.202491,0,0,0,0,92.678,121.8197
4.88,-17.56699,3.195676,0,0,0,0,92.66,121.8216
4.89,-17.54424,3.188879,0,0,0,0,92.649,121.6722
4.9,-17.52156,3.182101,0,0,0,0,92.64,121.2999
4.91,-17.49894,3.175341,0,0,0,0,92.619,121.2355
4.92,-17.47639,3.1686,0,0,0,0,92.603,121.2411
4.93,-17.45391,3.161877,0,0,0,0,92.598,120.8428
4.94,-17.43149,3.155172,0,0,0,0,92.583,120.5016
4.95,-17.40914,3.148486,0,0,0,0,92.567,120.2567
4.96,-17.38692,3.141843,0,0,0,0,92.547,120.2713
4.97,-17.36477,3.135219,0,0,0,0,92.542,119.8857
4.98,-17.33346,3.124789,0,0,0,0,92.521,119.8159
4.99,-17.30569,3.115808,0,0,0,0,92.505,119.8235
5,-17.28379,3.109257,0,0,0,0,92.493,119.7378
5.01,-17.26196,3.102725,0,0,0,0,92.482,119.5281
5.02,-17.24019,3.09621,0,0,0,0,92.47,119.2488
5.03,-17.21848,3.089713,0,0,0,0,92.455,119.0373
5.04,-17.19684,3.083233,0,0,0,0,92.44,118.8888
5.05,-17.17526,3.076771,0,0,0,0,92.432,118.495
5.06,-17.14458,3.066494,0,0,0,0,92.411,118.4423
5.07,-17.11731,3.057631,0,0,0,0,92.4,118.2687
5.08,-17.09036,3.048888,0,0,0,0,92.384,118.2024
5.09,-17.06817,3.042127,0,0,0,0,92.374,117.9743
5.1,-17.04354,3.03433,0,0,0,0,92.353,118.0766
5.11,-17.02243,3.028004,0,0,0,0,92.348,117.7872
5.12,-17.00139,3.021694,0,0,0,0,92.329,117.7477
5.13,-16.98041,3.015401,0,0,0,0,92.318,117.5903
5.14,-16.9595,3.009125,0,0,0,0,92.302,117.5429
5.15,-16.93864,3.002865,0,0,0,0,92.288,117.5098
5.16,-16.9224,2.998544,0,0,0,0,92.273,117.5339
5.17,-16.92408,3.001767,0,0,0,0,92.262,117.4368
5.18,-16.92662,3.005363,0,0,0,0,92.252,117.1857
5.19,-16.92342,3.006541,0,0,0,0,92.24,116.8812
5.2,-16.91272,3.004555,0,0,0,0,92.23,116.442
5.21,-16.8919,2.998285,0,0,0,0,92.214,116.1416
5.22,-16.87115,2.992032,0,0,0,0,92.192,116.2302
5.23,-16.85045,2.985796,0,0,0,0,92.182,116.1548
5.24,-16.82997,2.979643,0,0,0,0,92.172,115.9296
5.25,-16.81315,2.975036,0,0,0,0,92.151,116.0455
5.26,-16.80808,2.975411,0,0,0,0,92.145,115.8229
5.27,-16.79914,2.974143,0,0,0,0,92.131,115.6382
5.28,-16.78825,2.972047,0,0,0,0,92.12,115.3588
5.29,-16.77154,2.967468,0,0,0,0,92.108,115.0371
5.3,-16.75113,2.961307,0,0,0,0,92.096,114.6781
5.31,-16.73078,2.955162,0,0,0,0,92.079,114.5032
5.32,-16.71048,2.949033,0,0,0,0,92.066,114.3244
5.33,-16.69025,2.942921,0,0,0,0,92.058,113.9259
5.34,-16.65884,2.93202,0,0,0,0,92.046,113.5013
5.35,-16.60937,2.913367,0,0,0,0,92.026,113.4015
5.36,-16.56542,2.897052,0,0,0,0,92.015,113.2099
5.37,-16.5225,2.881153,0,0,0,0,91.999,113.1521
5.38,-16.48627,2.868097,0,0,0,0,91.989,112.957
5.39,-16.45017,2.855077,0,0,0,0,91.978,112.6804
5.4,-16.41068,2.840578,0,0,0,0,91.961,112.5906
5.41,-16.37616,2.828194,0,0,0,0,91.95,112.4124
5.42,-16.34234,2.816088,0,0,0,0,91.937,112.2408
5.43,-16.30941,2.804353,0,0,0,0,91.922,112.1629
5.44,-16.28134,2.794689,0,0,0,0,91.91,112.0413
5.45,-16.25576,2.78609,0,0,0,0,91.904,111.62
5.46,-16.21955,2.772879,0,0,0,0,91.883,111.5764
5.47,-16.18996,2.762509,0,0,0,0,91.871,111.4891
5.48,-16.16445,2.753891,0,0,0,0,91.855,111.536
5.49,-16.14605,2.748341,0,0,0,0,91.847,111.3588
5.5,-16.1277,2.742804,0,0,0,0,91.836,111.1072
5.51,-16.10941,2.737281,0,0,0,0,91.82,111.0054
5.52,-16.09116,2.731772,0,0,0,0,91.81,110.7812
5.53,-16.07042,2.725168,0,0,0,0,91.794,110.7062
5.54,-16.05229,2.71969,0,0,0,0,91.788,110.3346
5.55,-16.02597,2.710637,0,0,0,0,91.771,110.1699
5.56,-15.99949,2.701501,0,0,0,0,91.761,109.8918
5.57,-15.96849,2.690379,0,0,0,0,91.752,109.4677
5.58,-15.92698,2.674644,0,0,0,0,91.734,109.3021
5.59,-15.8873,2.659683,0,0,0,0,91.725,108.9836
5.6,-15.84255,2.64248,0,0,0,0,91.709,108.8303
5.61,-15.80048,2.626417,0,0,0,0,91.695,108.7425
5.62,-15.76368,2.612641,0,0,0,0,91.68,108.7588
5.63,-15.73621,2.602936,0,0,0,0,91.669,108.6973
5.64,-15.7138,2.595432,0,0,0,0,91.661,108.4346
5.65,-15.68711,2.586038,0,0,0,0,91.648,108.2055
5.66,-15.65803,2.575575,0,0,0,0,91.63,108.2254
5.67,-15.63771,2.568952,0,0,0,0,91.62,108.1265
5.68,-15.6201,2.563516,0,0,0,0,91.604,108.1799
5.69,-15.60348,2.558503,0,0,0,0,91.597,107.9824
5.7,-15.5869,2.553503,0,0,0,0,91.586,107.7292
5.71,-15.57037,2.548514,0,0,0,0,91.569,107.6865
5.72,-15.55388,2.543538,0,0,0,0,91.55,107.9242
5.73,-15.53912,2.539319,0,0,0,0,91.548,107.6806
5.74,-15.53867,2.541436,0,0,0,0,91.544,107.0835
5.75,-15.52225,2.536471,0,0,0,0,91.523,106.9022
5.76,-15.50586,2.531518,0,0,0,0,91.51,106.7557
5.77,-15.48953,2.526576,0,0,0,0,91.498,106.5987
5.78,-15.47323,2.521646,0,0,0,0,91.488,106.3459
5.79,-15.45698,2.516728,0,0,0,0,91.479,105.9631
5.8,-15.42973,2.506902,0,0,0,0,91.465,105.6795
5.81,-15.39056,2.491739,0,0,0,0,91.448,105.6184
5.82,-15.35735,2.479216,0,0,0,0,91.436,105.545
5.83,-15.32917,2.468915,0,0,0,0,91.425,105.4176
5.84,-15.30316,2.459566,0,0,0,0,91.409,105.4582
5.85,-15.28673,2.454488,0,0,0,0,91.403,105.219
5.86,-15.26628,2.447604,0,0,0,0,91.388,105.115
5.87,-15.24834,2.441833,0,0,0,0,91.38,104.8315
5.88,-15.22452,2.433413,0,0,0,0,91.363,104.7755
5.89,-15.2057,2.427225,0,0,0,0,91.356,104.4944
5.9,-15.18118,2.41846,0,0,0,0,91.334,104.6593
5.91,-15.16587,2.413831,0,0,0,0,91.333,104.3214
5.92,-15.15061,2.409212,0,0,0,0,91.311,104.4353
5.93,-15.13538,2.404603,0,0,0,0,91.3,104.486
5.94,-15.12019,2.400005,0,0,0,0,91.292,104.3486
5.95,-15.1123,2.398694,0,0,0,0,91.275,104.4301
5.96,-15.12236,2.405499,0,0,0,0,91.269,104.2349
5.97,-15.12795,2.410297,0,0,0,0,91.257,104.047
5.98,-15.12965,2.413342,0,0,0,0,91.248,103.7365
5.99,-15.12228,2.412282,0,0,0,0,91.231,103.662
6,-15.11754,2.412412,0,0,0,0,91.221,103.5006
6.01,-15.11121,2.411825,0,0,0,0,91.209,103.3472
6.02,-15.10381,2.410748,0,0,0,0,91.199,103.1151
6.03,-15.09183,2.407587,0,0,0,0,91.187,102.8986
6.04,-15.07662,2.402951,0,0,0,0,91.17,102.9144
6.05,-15.06853,2.401551,0,0,0,0,91.166,102.5792
6.06,-15.05338,2.396926,0,0,0,0,91.148,102.5313
6.07,-15.03893,2.392616,0,0,0,0,91.135,102.5301
6.08,-15.03301,2.392199,0,0,0,0,91.123,102.5286
6.09,-15.03299,2.394484,0,0,0,0,91.118,102.2234
6.1,-15.02424,2.392776,0,0,0,0,91.102,102.1181
6.11,-15.01687,2.391696,0,0,0,0,91.099,101.6326
6.12,-15.0018,2.387081,0,0,0,0,91.079,101.5381
6.13,-14.98677,2.382478,0,0,0,0,91.067,101.4554
6.14,-14.97179,2.377885,0,0,0,0,91.057,101.2974
6.15,-14.95684,2.373303,0,0,0,0,91.041,101.3317
6.16,-14.94193,2.368731,0,0,0,0,91.032,101.2385
6.17,-14.92706,2.364169,0,0,0,0,91.016,101.3329
6.18,-14.92615,2.366044,0,0,0,0,91.013,101.035
6.19,-14.92103,2.365983,0,0,0,0,90.999,100.856
6.2,-14.91348,2.364796,0,0,0,0,90.983,100.8735
6.21,-14.91298,2.366874,0,0,0,0,90.975,100.7242
6.22,-14.91102,2.368277,0,0,0,0,90.962,100.6397
6.23,-14.91079,2.370489,0,0,0,0,90.956,100.3113
6.24,-14.90055,2.368057,0,0,0,0,90.945,99.97756
6.25,-14.88571,2.363483,0,0,0,0,90.931,99.7704
6.26,-14.87093,2.358929,0,0,0,0,90.919,99.59348
6.27,-14.85619,2.354386,0,0,0,0,90.909,99.35837
6.28,-14.84149,2.349852,0,0,0,0,90.893,99.33135
6.29,-14.82406,2.344036,0,0,0,0,90.885,99.1483
6.3,-14.80296,2.336493,0,0,0,0,90.871,99.08348
6.31,-14.78628,2.331008,0,0,0,0,90.864,98.82378
6.32,-14.7643,2.323027,0,0,0,0,90.849,98.73366
6.33,-14.7456,2.316573,0,0,0,0,90.844,98.36555
6.34,-14.71658,2.305261,0,0,0,0,90.828,98.22142
6.35,-14.68891,2.294565,0,0,0,0,90.82,97.93624
6.36,-14.65575,2.281265,0,0,0,0,90.805,97.82676
6.37,-14.626,2.26955,0,0,0,0,90.789,97.92257
6.38,-14.60916,2.263888,0,0,0,0,90.783,97.77247
6.39,-14.59224,2.25818,0,0,0,0,90.77,97.7015
6.4,-14.57834,2.25389,0,0,0,0,90.756,97.74693
6.41,-14.56449,2.24961,0,0,0,0,90.749,97.59534
6.42,-14.55067,2.245339,0,0,0,0,90.738,97.43749
6.43,-14.53688,2.241078,0,0,0,0,90.725,97.36142
6.44,-14.52522,2.237815,0,0,0,0,90.719,97.05696
6.45,-14.51212,2.233866,0,0,0,0,90.702,97.02188
6.46,-14.50415,2.232344,0,0,0,0,90.69,97.01698
6.47,-14.50229,2.23373,0,0,0,0,90.682,96.86655
6.48,-14.49895,2.234409,0,0,0,0,90.672,96.67002
6.49,-14.492,2.233372,0,0,0,0,90.658,96.60582
6.5,-14.48821,2.233843,0,0,0,0,90.648,96.48976
6.51,-14.48476,2.234479,0,0,0,0,90.635,96.45699
6.52,-14.4857,2.237215,0,0,0,0,90.633,96.02342
6.53,-14.47199,2.232949,0,0,0,0,90.622,95.61458
6.54,-14.45832,2.228692,0,0,0,0,90.601,95.66406
6.55,-14.44468,2.224444,0,0,0,0,90.6,95.26578
6.56,-14.42837,2.218908,0,0,0,0,90.581,95.23994
6.57,-14.40606,2.210483,0,0,0,0,90.571,95.16515
6.58,-14.38783,2.203998,0,0,0,0,90.563,94.95939
6.59,-14.36682,2.196168,0,0,0,0,90.55,94.85142
6.6,-14.34812,2.18943,0,0,0,0,90.544,94.52992
6.61,-14.32099,2.178618,0,0,0,0,90.533,94.2309
6.62,-14.28736,2.164645,0,0,0,0,90.513,94.34435
6.63,-14.26814,2.15761,0,0,0,0,90.504,94.35868
6.64,-14.25512,2.153557,0,0,0,0,90.494,94.32574
6.65,-14.24213,2.149514,0,0,0,0,90.487,94.1195
6.66,-14.22917,2.145479,0,0,0,0,90.474,94.01566
6.67,-14.21625,2.141453,0,0,0,0,90.467,93.74577
6.68,-14.20336,2.137435,0,0,0,0,90.454,93.58529
6.69,-14.1905,2.133426,0,0,0,0,90.44,93.56921
6.7,-14.17768,2.129425,0,0,0,0,90.433,93.38199
6.71,-14.16489,2.125433,0,0,0,0,90.419,93.3427
6.72,-14.15213,2.12145,0,0,0,0,90.409,93.26568
6.73,-14.1394,2.117475,0,0,0,0,90.405,92.89422
6.74,-14.12671,2.113508,0,0,0,0,90.385,92.94871
6.75,-14.11405,2.10955,0,0,0,0,90.373,93.04642
6.76,-14.11632,2.112903,0,0,0,0,90.37,92.79334
6.77,-14.11315,2.113594,0,0,0,0,90.353,92.82713
6.78,-14.11778,2.118113,0,0,0,0,90.347,92.64656
6.79,-14.11868,2.120813,0,0,0,0,90.338,92.4004
6.8,-14.11288,2.120222,0,0,0,0,90.326,92.2254
6.81,-14.10458,2.118402,0,0,0,0,90.314,92.11647
6.82,-14.09737,2.117113,0,0,0,0,90.305,91.93852
6.83,-14.08762,2.114571,0,0,0,0,90.299,91.56783
6.84,-14.07496,2.110586,0,0,0,0,90.283,91.45587
6.85,-14.06233,2.106609,0,0,0,0,90.276,91.19116
6.86,-14.04926,2.102407,0,0,0,0,90.262,91.09138
6.87,-14.0267,2.093495,0,0,0,0,90.255,90.8395
6.88,-13.99921,2.082116,0,0,0,0,90.241,90.75327
6.89,-13.97575,2.072711,0,0,0,0,90.236,90.42876
6.9,-13.94373,2.059037,0,0,0,0,90.223,90.23427
6.91,-13.91063,2.044792,0,0,0,0,90.217,89.85617
6.92,-13.86719,2.025366,0,0,0,0,90.202,89.70179
6.93,-13.82569,2.006863,0,0,0,0,90.194,89.44966
6.94,-13.78065,1.986556,0,0,0,0,90.185,89.15239
6.95,-13.73045,1.963628,0,0,0,0,90.172,88.98858
6.96,-13.68246,1.941752,0,0,0,0,90.159,88.9481
6.97,-13.64273,1.923973,0,0,0,0,90.15,88.84754
6.98,-13.60706,1.908189,0,0,0,0,90.137,88.86615
6.99,-13.58158,1.897486,0,0,0,0,90.123,89.03753
7,-13.57063,1.894071,0,0,0,0,90.12,88.8713
7.01,-13.55971,1.890663,0,0,0,0,90.111,88.65656
7.02,-13.5483,1.887004,0,0,0,0,90.1,88.48504
7.03,-13.53197,1.88085,0,0,0,0,90.088,88.39732
7.04,-13.51846,1.876112,0,0,0,0,90.077,88.34374
7.05,-13.50768,1.872742,0,0,0,0,90.072,88.06136
7.06,-13.4921,1.866936,0,0,0,0,90.06,87.87416
7.07,-13.47262,1.85914,0,0,0,0,90.053,87.55802
7.08,-13.44433,1.846865,0,0,0,0,90.041,87.34199
7.09,-13.41332,1.833176,0,0,0,0,90.033,87.04515
7.1,-13.37562,1.816063,0,0,0,0,90.014,87.15306
7.11,-13.35295,1.806556,0,0,0,0,90.007,87.11115
7.12,-13.33604,1.799967,0,0,0,0,90.001,86.88896
7.13,-13.31479,1.791145,0,0,0,0,89.994,86.55391
7.14,-13.28371,1.777287,0,0,0,0,89.974,86.70006
7.15,-13.2692,1.771874,0,0,0,0,89.969,86.6158
7.16,-13.2575,1.767885,0,0,0,0,89.965,86.276
7.17,-13.23483,1.758263,0,0,0,0,89.95,86.19567
7.18,-13.21596,1.750575,0,0,0,0,89.938,86.21948
7.19,-13.20607,1.747479,0,0,0,0,89.926,86.3391
7.2,-13.19625,1.744414,0,0,0,0,89.921,86.23285
7.21,-13.18686,1.741563,0,0,0,0,89.913,86.05455
7.22,-13.18647,1.74334,0,0,0,0,89.903,85.90037
7.23,-13.18386,1.74398,0,0,0,0,89.892,85.81368
7.24,-13.18285,1.74545,0,0,0,0,89.883,85.69992
7.25,-13.18184,1.746924,0,0,0,0,89.875,85.51723
7.26,-13.17712,1.746483,0,0,0,0,89.867,85.272
7.27,-13.16732,1.743406,0,0,0,0,89.85,85.37356
7.28,-13.16687,1.745178,0,0,0,0,89.847,85.16617
7.29,-13.16281,1.745075,0,0,0,0,89.834,85.12417
7.3,-13.16284,1.747103,0,0,0,0,89.828,84.92068
7.31,-13.15791,1.746552,0,0,0,0,89.815,84.88347
7.32,-13.15745,1.748329,0,0,0,0,89.811,84.59597
7.33,-13.14764,1.745235,0,0,0,0,89.801,84.34886
7.34,-13.13786,1.742147,0,0,0,0,89.786,84.36378
7.35,-13.1281,1.739065,0,0,0,0,89.777,84.35047
7.36,-13.12145,1.737603,0,0,0,0,89.775,83.99818
7.37,-13.11172,1.734529,0,0,0,0,89.763,83.78415
7.38,-13.10203,1.731466,0,0,0,0,89.745,83.96643
7.39,-13.09238,1.728419,0,0,0,0,89.743,83.79534
7.4,-13.08276,1.725377,0,0,0,0,89.734,83.61464
7.41,-13.07479,1.723202,0,0,0,0,89.72,83.64973
7.42,-13.07587,1.725797,0,0,0,0,89.71,83.70363
7.43,-13.08595,1.733146,0,0,0,0,89.706,83.50624
7.44,-13.0904,1.737543,0,0,0,0,89.692,83.52694
7.45,-13.10178,1.745614,0,0,0,0,89.688,83.29988
7.46,-13.10578,1.749794,0,0,0,0,89.677,83.16009
7.47,-13.1079,1.752989,0,0,0,0,89.662,83.28002
7.48,-13.12261,1.762879,0,0,0,0,89.661,83.01124
7.49,-13.12718,1.767404,0,0,0,0,89.647,82.96903
7.5,-13.13523,1.773786,0,0,0,0,89.639,82.86629
7.51,-13.14307,1.78008,0,0,0,0,89.637,82.43986
7.52,-13.13309,1.776879,0,0,0,0,89.621,82.34507
7.53,-13.12419,1.774245,0,0,0,0,89.612,82.24158
7.54,-13.11694,1.772488,0,0,0,0,89.607,81.9516
7.55,-13.10702,1.7693,0,0,0,0,89.599,81.62613
7.56,-13.0967,1.765892,0,0,0,0,89.584,81.58273
7.57,-13.07596,1.75688,0,0,0,0,89.574,81.57452
7.58,-13.06295,1.752006,0,0,0,0,89.565,81.55432
7.59,-13.05319,1.748863,0,0,0,0,89.56,81.34419
7.6,-13.04344,1.745726,0,0,0,0,89.549,81.2294
7.61,-13.03372,1.742595,0,0,0,0,89.542,81.02354
7.62,-13.01891,1.736707,0,0,0,0,89.535,80.73503
7.63,-12.99523,1.726011,0,0,0,0,89.526,80.46151
7.64,-12.96461,1.711531,0,0,0,0,89.511,80.47158
7.65,-12.94362,1.702235,0,0,0,0,89.502,80.4733
7.66,-12.93089,1.697403,0,0,0,0,89.498,80.24375
7.67,-12.91257,1.689525,0,0,0,0,89.488,80.0716
7.68,-12.89248,1.68066,0,0,0,0,89.48,79.86341
7.69,-12.8687,1.669767,0,0,0,0,89.47,79.71266
7.7,-12.84487,1.65882,0,0,0,0,89.455,79.83922
7.71,-12.83577,1.655892,0,0,0,0,89.448,79.86175
7.72,-12.82669,1.652969,0,0,0,0,89.441,79.78903
7.73,-12.81764,1.650051,0,0,0,0,89.433,79.67401
7.74,-12.81967,1.653207,0,0,0,0,89.425,79.52091
7.75,-12.81915,1.654965,0,0,0,0,89.416,79.37823
7.76,-12.81681,1.655732,0,0,0,0,89.405,79.33538
7.77,-12.81869,1.65882,0,0,0,0,89.399,79.16053
7.78,-12.8167,1.659789,0,0,0,0,89.39,78.9997
7.79,-12.81201,1.659272,0,0,0,0,89.38,78.8972
7.8,-12.80827,1.659275,0,0,0,0,89.371,78.80412
7.81,-12.80584,1.660003,0,0,0,0,89.359,78.85445
7.82,-12.81297,1.666031,0,0,0,0,89.358,78.54384
7.83,-12.80785,1.665282,0,0,0,0,89.35,78.2167
7.84,-12.79876,1.662325,0,0,0,0,89.339,78.0101
7.85,-12.78968,1.659375,0,0,0,0,89.326,78.0045
7.86,-12.77735,1.654603,0,0,0,0,89.322,77.78048
7.87,-12.75866,1.646282,0,0,0,0,89.308,77.80504
7.88,-12.74962,1.643322,0,0,0,0,89.304,77.60995
7.89,-12.73648,1.638065,0,0,0,0,89.296,77.39328
7.9,-12.71835,1.630005,0,0,0,0,89.289,77.11298
7.91,-12.69168,1.617145,0,0,0,0,89.281,76.82027
7.92,-12.6567,1.59959,0,0,0,0,89.271,76.60699
7.93,-12.61893,1.580432,0,0,0,0,89.257,76.64665
7.94,-12.59358,1.5682,0,0,0,0,89.255,76.38119
7.95,-12.56136,1.552077,0,0,0,0,89.24,76.41909
7.96,-12.54069,1.542415,0,0,0,0,89.231,76.46663
7.97,-12.53134,1.53912,0,0,0,0,89.235,75.94093
7.98,-12.49792,1.522219,0,0,0,0,89.217,75.87656
7.99,-12.4704,1.508612,0,0,0,0,89.208,75.83274
8,-12.44941,1.498671,0,0,0,0,89.202,75.67388
8.01,-12.42745,1.488152,0,0,0,0,89.19,75.67889
8.02,-12.41437,1.482649,0,0,0,0,89.186,75.47614
8.03,-12.39692,1.474647,0,0,0,0,89.175,75.39729
8.04,-12.38286,1.46856,0,0,0,0,89.167,75.2981
8.05,-12.37064,1.463499,0,0,0,0,89.157,75.27045
8.06,-12.36292,1.461002,0,0,0,0,89.151,75.12948
8.07,-12.35523,1.458509,0,0,0,0,89.139,75.15404
8.08,-12.34755,1.456021,0,0,0,0,89.137,74.88267
8.09,-12.33989,1.453537,0,0,0,0,89.124,74.83368
8.1,-12.33225,1.451057,0,0,0,0,89.116,74.7649
8.11,-12.32462,1.448581,0,0,0,0,89.106,74.76823
8.12,-12.3298,1.453465,0,0,0,0,89.099,74.70342
8.13,-12.33762,1.459886,0,0,0,0,89.097,74.35254
8.14,-12.32999,1.457411,0,0,0,0,89.086,74.14365
8.15,-12.32233,1.454913,0,0,0,0,89.069,74.33467
8.16,-12.32351,1.457518,0,0,0,0,89.065,74.30986
8.17,-12.33466,1.465907,0,0,0,0,89.058,74.22185
8.18,-12.34612,1.474502,0,0,0,0,89.048,74.21052
8.19,-12.36266,1.486066,0,0,0,0,89.042,74.09055
8.2,-12.37686,1.496302,0,0,0,0,89.033,74.00592
8.21,-12.39125,1.506677,0,0,0,0,89.03,73.68541
8.22,-12.39127,1.508707,0,0,0,0,89.017,73.59768
8.23,-12.3927,1.51156,0,0,0,0,89.007,73.58958
8.24,-12.40036,1.518067,0,0,0,0,89.003,73.38602
8.25,-12.40144,1.520741,0,0,0,0,88.99,73.40718
8.26,-12.41068,1.528202,0,0,0,0,88.986,73.23152
8.27,-12.41479,1.532673,0,0,0,0,88.982,72.87609
8.28,-12.40669,1.529982,0,0,0,0,88.971,72.67052
8.29,-12.3986,1.527296,0,0,0,0,88.964,72.42422
8.3,-12.38113,1.519069,0,0,0,0,88.955,72.23121
8.31,-12.35396,1.505098,0,0,0,0,88.945,72.13274
8.32,-12.33005,1.49302,0,0,0,0,88.942,71.80814
8.33,-12.29479,1.474192,0,0,0,0,88.925,71.90451
8.34,-12.27586,1.464985,0,0,0,0,88.931,71.35681
8.35,-12.23079,1.440251,0,0,0,0,88.915,71.20564
8.36,-12.18707,1.416248,0,0,0,0,88.908,71.01592
8.37,-12.14245,1.391643,0,0,0,0,88.897,70.97089
8.38,-12.10571,1.371669,0,0,0,0,88.887,71.0143
8.39,-12.08208,1.359459,0,0,0,0,88.877,71.13889
8.4,-12.0751,1.357166,0,0,0,0,88.879,70.80022
8.41,-12.05479,1.34689,0,0,0,0,88.862,70.88883
8.42,-12.0479,1.344624,0,0,0,0,88.856,70.87669
8.43,-12.04102,1.342361,0,0,0,0,88.85,70.77234
8.44,-12.03416,1.340102,0,0,0,0,88.84,70.76304
8.45,-12.03909,1.344933,0,0,0,0,88.836,70.57251
8.46,-12.04027,1.347521,0,0,0,0,88.827,70.44037
8.47,-12.03981,1.349124,0,0,0,0,88.817,70.4072
8.48,-12.04432,1.353729,0,0,0,0,88.813,70.19644
8.49,-12.04169,1.354036,0,0,0,0,88.801,70.1819
8.5,-12.04545,1.358215,0,0,0,0,88.794,70.12373
8.51,-12.05195,1.364066,0,0,0,0,88.791,69.8467
8.52,-12.04684,1.36288,0,0,0,0,88.781,69.68361
8.53,-12.03987,1.360559,0,0,0,0,88.774,69.49126
8.54,-12.03291,1.358242,0,0,0,0,88.769,69.1836
8.55,-12.01771,1.350892,0,0,0,0,88.759,68.99512
8.56,-11.98959,1.335628,0,0,0,0,88.75,68.87216
8.57,-11.96304,1.321281,0,0,0,0,88.743,68.72047
8.58,-11.93611,1.306663,0,0,0,0,88.737,68.49836
8.59,-11.9042,1.288947,0,0,0,0,88.722,68.61561
8.6,-11.89011,1.28213,0,0,0,0,88.719,68.50675
8.61,-11.87717,1.275999,0,0,0,0,88.708,68.54922
8.62,-11.87074,1.273866,0,0,0,0,88.706,68.32745
8.63,-11.86433,1.271738,0,0,0,0,88.699,68.08818
8.64,-11.84875,1.263941,0,0,0,0,88.692,67.83378
8.65,-11.82307,1.249865,0,0,0,0,88.679,67.83527
8.66,-11.80705,1.241743,0,0,0,0,88.672,67.80305
8.67,-11.79753,1.237628,0,0,0,0,88.67,67.51642
8.68,-11.77686,1.22657,0,0,0,0,88.659,67.40056
8.69,-11.75757,1.216342,0,0,0,0,88.65,67.35236
8.7,-11.74405,1.20968,0,0,0,0,88.643,67.2771
8.71,-11.73391,1.205116,0,0,0,0,88.637,67.13264
8.72,-11.72214,1.199513,0,0,0,0,88.631,66.9253
8.73,-11.70451,1.190225,0,0,0,0,88.62,66.88519
8.74,-11.69308,1.184798,0,0,0,0,88.612,66.86444
8.75,-11.68724,1.182868,0,0,0,0,88.607,66.72744
8.76,-11.68141,1.18094,0,0,0,0,88.6,66.57398
8.77,-11.67349,1.177688,0,0,0,0,88.592,66.45086
8.78,-11.66423,1.173582,0,0,0,0,88.586,66.2666
8.79,-11.6504,1.166578,0,0,0,0,88.585,65.80325
8.8,-11.61332,1.144849,0,0,0,0,88.573,65.57819
8.81,-11.57628,1.123084,0,0,0,0,88.558,65.70715
8.82,-11.55402,1.110626,0,0,0,0,88.554,65.66819
8.83,-11.53854,1.10244,0,0,0,0,88.542,65.83368
8.84,-11.53319,1.100679,0,0,0,0,88.538,65.82819
8.85,-11.53916,1.106124,0,0,0,0,88.537,65.53166
8.86,-11.5363,1.10595,0,0,0,0,88.531,65.19306
8.87,-11.53094,1.104178,0,0,0,0,88.525,64.81718
8.88,-11.50058,1.086401,0,0,0,0,88.509,64.85636
8.89,-11.47763,1.073322,0,0,0,0,88.507,64.64958
8.9,-11.44969,1.056997,0,0,0,0,88.495,64.66601
8.91,-11.43267,1.047644,0,0,0,0,88.494,64.39479
8.92,-11.40805,1.033375,0,0,0,0,88.486,64.17416
8.93,-11.38544,1.020354,0,0,0,0,88.474,64.18013
8.94,-11.36463,1.008457,0,0,0,0,88.461,64.43882
8.95,-11.35983,1.006883,0,0,0,0,88.46,64.39139
8.96,-11.36274,1.010297,0,0,0,0,88.45,64.46665
8.97,-11.38337,1.025221,0,0,0,0,88.443,64.51983
8.98,-11.41371,1.046505,0,0,0,0,88.438,64.46303
8.99,-11.44447,1.068123,0,0,0,0,88.428,64.52949
9,-11.48511,1.096245,0,0,0,0,88.43,64.17164
9.01,-11.50352,1.109941,0,0,0,0,88.417,64.09748
9.02,-11.5226,1.124123,0,0,0,0,88.408,64.10495
9.03,-11.5483,1.142686,0,0,0,0,88.404,63.96357
9.04,-11.56871,1.157831,0,0,0,0,88.392,64.04448
9.05,-11.60103,1.180851,0,0,0,0,88.393,63.74707
9.06,-11.6165,1.192853,0,0,0,0,88.381,63.6859
9.07,-11.63375,1.206066,0,0,0,0,88.377,63.48353
9.08,-11.64252,1.213727,0,0,0,0,88.368,63.37647
9.09,-11.65051,1.220897,0,0,0,0,88.357,63.44691
9.1,-11.67079,1.236227,0,0,0,0,88.352,63.41146
9.11,-11.6943,1.253747,0,0,0,0,88.348,63.23428
9.12,-11.71059,1.266526,0,0,0,0,88.343,62.97271
9.13,-11.71392,1.270725,0,0,0,0,88.335,62.76901
9.14,-11.70969,1.269903,0,0,0,0,88.329,62.52974
9.15,-11.70343,1.267724,0,0,0,0,88.317,62.5276
9.16,-11.69719,1.265549,0,0,0,0,88.318,62.16106
9.17,-11.68158,1.2571,0,0,0,0,88.313,61.73036
9.18,-11.6357,1.22834,0,0,0,0,88.303,61.46632
9.19,-11.58234,1.194457,0,0,0,0,88.288,61.5804
9.2,-11.55068,1.175065,0,0,0,0,88.287,61.41433
9.21,-11.5176,1.154652,0,0,0,0,88.28,61.26082
9.22,-11.4838,1.133691,0,0,0,0,88.27,61.2537
9.23,-11.46107,1.120147,0,0,0,0,88.265,61.15724
9.24,-11.44139,1.108621,0,0,0,0,88.256,61.15853
9.25,-11.43221,1.104173,0,0,0,0,88.252,61.02563
9.26,-11.42191,1.098952,0,0,0,0,88.245,60.90461
9.27,-11.41144,1.093604,0,0,0,0,88.24,60.70546
9.28,-11.39438,1.083748,0,0,0,0,88.231,60.61472
9.29,-11.3803,1.075889,0,0,0,0,88.224,60.53438
9.3,-11.36979,1.070452,0,0,0,0,88.218,60.41923
9.31,-11.35959,1.065206,0,0,0,0,88.21,60.36222
9.32,-11.35455,1.063481,0,0,0,0,88.199,60.4933
9.33,-11.35663,1.066641,0,0,0,0,88.199,60.30408
9.34,-11.36335,1.073003,0,0,0,0,88.19,60.22488
9.35,-11.37145,1.080331,0,0,0,0,88.185,60.06784
9.36,-11.37409,1.083926,0,0,0,0,88.18,59.84001
9.37,-11.36896,1.082155,0,0,0,0,88.169,59.81699
9.38,-11.36522,1.081346,0,0,0,0,88.161,59.84769
9.39,-11.37535,1.090152,0,0,0,0,88.151,60.0175
9.4,-11.4068,1.11379,0,0,0,0,88.148,60.00095
9.41,-11.4419,1.140055,0,0,0,0,88.148,59.67909
9.42,-11.4557,1.151561,0,0,0,0,88.138,59.52608
9.43,-11.46395,1.159227,0,0,0,0,88.133,59.30483
9.44,-11.46164,1.159541,0,0,0,0,88.13,58.93252
9.45,-11.45075,1.153841,0,0,0,0,88.117,58.8708
9.46,-11.43258,1.143025,0,0,0,0,88.114,58.6466
9.47,-11.40726,1.127143,0,0,0,0,88.111,58.27453
9.48,-11.36375,1.098404,0,0,0,0,88.095,58.35042
9.49,-11.33907,1.082842,0,0,0,0,88.089,58.38951
9.5,-11.32863,1.077294,0,0,0,0,88.085,58.30533
9.51,-11.32129,1.073915,0,0,0,0,88.08,58.15317
9.52,-11.31138,1.068701,0,0,0,0,88.07,58.16322
9.53,-11.30635,1.066945,0,0,0,0,88.064,58.1431
9.54,-11.30686,1.069111,0,0,0,0,88.053,58.31956
9.55,-11.3363,1.091896,0,0,0,0,88.048,58.40711
9.56,-11.37822,1.123663,0,0,0,0,88.048,58.18888
9.57,-11.40778,1.146704,0,0,0,0,88.046,57.78039
9.58,-11.41106,1.151012,0,0,0,0,88.033,57.69156
9.59,-11.41562,1.156255,0,0,0,0,88.034,57.26961
9.6,-11.40762,1.152485,0,0,0,0,88.021,57.17063
9.61,-11.38981,1.14165,0,0,0,0,88.012,57.18936
9.62,-11.38335,1.138963,0,0,0,0,88.012,56.91332
9.63,-11.36435,1.127207,0,0,0,0,87.999,56.95022
9.64,-11.35814,1.124666,0,0,0,0,88.003,56.5128
9.65,-11.32656,1.103729,0,0,0,0,87.988,56.49293
9.66,-11.30471,1.089786,0,0,0,0,87.983,56.40852
9.67,-11.28658,1.0785,0,0,0,0,87.978,56.26552
9.68,-11.26713,1.06621,0,0,0,0,87.967,56.33799
9.69,-11.26217,1.064453,0,0,0,0,87.968,56.07077
9.7,-11.24704,1.055256,0,0,0,0,87.958,55.98553
9.71,-11.23384,1.047444,0,0,0,0,87.959,55.57511
9.72,-11.1982,1.023143,0,0,0,0,87.943,55.62932
9.73,-11.17805,1.010139,0,0,0,0,87.94,55.52764
9.74,-11.1599,0.9985615,0,0,0,0,87.931,55.55224
9.75,-11.1534,0.9955312,0,0,0,0,87.926,55.51361
9.76,-11.14883,0.9939209,0,0,0,0,87.921,55.41723
9.77,-11.14427,0.992313,0,0,0,0,87.915,55.3132
9.78,-11.13987,0.990811,0,0,0,0,87.907,55.29216
9.79,-11.14579,0.9969749,0,0,0,0,87.905,55.07885
9.8,-11.14226,0.9961258,0,0,0,0,87.906,54.55562
9.81,-11.12242,0.9831246,0,0,0,0,87.89,54.51127
9.82,-11.09389,0.963587,0,0,0,0,87.885,54.41404
9.83,-11.06762,0.9456635,0,0,0,0,87.874,54.53783
9.84,-11.06125,0.9425951,0,0,0,0,87.877,54.23713
9.85,-11.03909,0.9276611,0,0,0,0,87.865,54.21984
9.86,-11.02571,0.9192787,0,0,0,0,87.858,54.23894
9.87,-11.02157,0.9178195,0,0,0,0,87.851,54.29151
9.88,-11.02252,0.9202016,0,0,0,0,87.852,54.01644
9.89,-11.01837,0.9187387,0,0,0,0,87.844,53.84505
9.9,-11.01423,0.9172779,0,0,0,0,87.831,53.99331
9.91,-11.01803,0.9218338,0,0,0,0,87.836,53.62839
9.92,-11.01388,0.9203647,0,0,0,0,87.824,53.55552
9.93,-11.00857,0.9180131,0,0,0,0,87.817,53.52689
9.94,-11.00445,0.9165501,0,0,0,0,87.812,53.44973
9.95,-11.00033,0.9150895,0,0,0,0,87.809,53.23884
9.96,-10.99622,0.9136308,0,0,0,0,87.799,53.21972
9.97,-10.99212,0.9121744,0,0,0,0,87.797,53.01844
9.98,-10.98803,0.9107202,0,0,0,0,87.792,52.78533
9.99,-10.96786,0.8968803,0,0,0,0,87.785,52.61345
10,-10.94811,0.8833056,0,0,0,0,87.78,52.40909
10.01,-10.92979,0.8707936,0,0,0,0,87.774,52.2206
10.02,-10.91296,0.8593834,0,0,0,0,87.768,52.04741
10.03,-10.89746,0.8489643,0,0,0,0,87.755,52.2026
10.04,-10.88315,0.8394375,0,0,0,0,87.754,52.12119
10.05,-10.86975,0.8305732,0,0,0,0,87.748,52.0473
10.06,-10.85731,0.8224359,0,0,0,0,87.747,51.75684
10.07,-10.84577,0.8149662,0,0,0,0,87.733,51.85093
10.08,-10.83537,0.8083622,0,0,0,0,87.732,51.71545
10.09,-10.82533,0.8020141,0,0,0,0,87.725,51.63886
10.1,-10.81635,0.7964756,0,0,0,0,87.721,51.48231
10.11,-10.80752,0.7910379,0,0,0,0,87.717,51.25309
10.12,-10.79923,0.786007,0,0,0,0,87.711,51.04778
10.13,-10.79134,0.7812705,0,0,0,0,87.701,51.04432
10.14,-10.7839,0.7768734,0,0,0,0,87.696,51.00216
10.15,-10.77687,0.772784,0,0,0,0,87.689,51.0146
10.16,-10.7714,0.7699146,0,0,0,0,87.689,50.76377
10.17,-10.76496,0.7662679,0,0,0,0,87.68,50.67562
10.18,-10.75883,0.7628584,0,0,0,0,87.672,50.69217
10.19,-10.75333,0.7599349,0,0,0,0,87.675,50.3124
10.2,-10.74772,0.7569095,0,0,0,0,87.663,50.24227
10.21,-10.74235,0.7540742,0,0,0,0,87.658,50.14293
10.22,-10.73721,0.751402,0,0,0,0,87.65,50.15182
10.23,-10.73225,0.7488771,0,0,0,0,87.645,50.12577
10.24,-10.72748,0.7464856,0,0,0,0,87.644,49.88887
10.25,-10.72287,0.7442152,0,0,0,0,87.632,49.95211
10.26,-10.7184,0.742055,0,0,0,0,87.634,49.66364
10.27,-10.71406,0.7399945,0,0,0,0,87.626,49.5016
10.28,-10.70985,0.7380247,0,0,0,0,87.617,49.50091
10.29,-10.70575,0.7361373,0,0,0,0,87.613,49.42455
10.3,-10.70174,0.7343247,0,0,0,0,87.606,49.41354
10.31,-10.69783,0.7325802,0,0,0,0,87.606,49.14926
10.32,-10.69401,0.7308975,0,0,0,0,87.599,48.96731
10.33,-10.69025,0.729271,0,0,0,0,87.59,48.95108
10.34,-10.68657,0.7276957,0,0,0,0,87.586,48.8631
10.35,-10.68295,0.7261669,0,0,0,0,87.584,48.62037
10.36,-10.67939,0.7246805,0,0,0,0,87.574,48.59486
10.37,-10.67589,0.7232327,0,0,0,0,87.569,48.54499
10.38,-10.67243,0.7218199,0,0,0,0,87.564,48.47313
10.39,-10.66902,0.7204392,0,0,0,0,87.556,48.51583
10.4,-10.66597,0.7193537,0,0,0,0,87.553,48.43985
10.41,-10.66539,0.7203348,0,0,0,0,87.554,48.07628
10.42,-10.66235,0.7192484,0,0,0,0,87.538,48.2116
10.43,-10.66443,0.7224682,0,0,0,0,87.541,47.95326
10.44,-10.66138,0.7213764,0,0,0,0,87.536,47.69327
10.45,-10.65833,0.7202862,0,0,0,0,87.523,47.79087
10.46,-10.65529,0.7191974,0,0,0,0,87.525,47.54466
10.47,-10.65226,0.7181102,0,0,0,0,87.514,47.56636
10.48,-10.64923,0.7170246,0,0,0,0,87.514,47.34121
10.49,-10.64621,0.7159404,0,0,0,0,87.504,47.33852
10.5,-10.6425,0.7142676,0,0,0,0,87.503,47.13686
10.51,-10.63858,0.7124075,0,0,0,0,87.498,46.93282
10.52,-10.63476,0.7106227,0,0,0,0,87.492,46.77219
10.53,-10.63102,0.7089065,0,0,0,0,87.481,46.87589
10.54,-10.62737,0.7072525,0,0,0,0,87.476,46.95324
10.55,-10.62757,0.7089076,0,0,0,0,87.479,46.64823
10.56,-10.6246,0.7078353,0,0,0,0,87.469,46.57584
10.57,-10.62163,0.7067646,0,0,0,0,87.457,46.80674
10.58,-10.64246,0.7262798,0,0,0,0,87.457,46.77786
10.59,-10.67104,0.7526036,0,0,0,0,87.454,46.64511
10.6,-10.69428,0.7743988,0,0,0,0,87.445,46.68628
10.61,-10.7288,0.8061087,0,0,0,0,87.448,46.34964
10.62,-10.73801,0.8158644,0,0,0,0,87.44,46.16016
10.63,-10.73812,0.8177,0,0,0,0,87.433,46.06183
10.64,-10.73851,0.8197931,0,0,0,0,87.428,45.95815
10.65,-10.73864,0.8216619,0,0,0,0,87.419,46.02925
10.66,-10.75536,0.8381429,0,0,0,0,87.42,45.81282
10.67,-10.75935,0.8434751,0,0,0,0,87.412,45.73641
10.68,-10.76532,0.8505664,0,0,0,0,87.409,45.56495
10.69,-10.76389,0.8511481,0,0,0,0,87.406,45.30709
10.7,-10.75552,0.8455587,0,0,0,0,87.394,45.37408
10.71,-10.75193,0.8442027,0,0,0,0,87.395,45.15686
10.72,-10.74625,0.8409796,0,0,0,0,87.387,45.08296
10.73,-10.73929,0.8365944,0,0,0,0,87.381,45.05138
10.74,-10.73575,0.8352549,0,0,0,0,87.382,44.74532
10.75,-10.72009,0.8230263,0,0,0,0,87.376,44.50222
10.76,-10.70201,0.8085782,0,0,0,0,87.368,44.4075
10.77,-10.68548,0.7954494,0,0,0,0,87.361,44.40459
10.78,-10.67024,0.7834422,0,0,0,0,87.355,44.44136
10.79,-10.66577,0.7811291,0,0,0,0,87.351,44.425
10.8,-10.66252,0.7799122,0,0,0,0,87.349,44.27056
10.81,-10.66075,0.7800436,0,0,0,0,87.348,43.94538
10.82,-10.65396,0.775594,0,0,0,0,87.342,43.68865
10.83,-10.64035,0.7648922,0,0,0,0,87.329,43.80916
10.84,-10.62782,0.7551299,0,0,0,0,87.328,43.73817
10.85,-10.61625,0.7462134,0,0,0,0,87.324,43.62644
10.86,-10.60554,0.7380352,0,0,0,0,87.324,43.29876
10.87,-10.59548,0.7304348,0,0,0,0,87.311,43.35636
10.88,-10.58615,0.723466,0,0,0,0,87.311,43.18511
10.89,-10.57747,0.7170672,0,0,0,0,87.309,42.89441
10.9,-10.56937,0.7111829,0,0,0,0,87.297,42.94293
10.91,-10.5618,0.7057633,0,0,0,0,87.297,42.76525
10.92,-10.55471,0.7007635,0,0,0,0,87.293,42.56009
10.93,-10.54805,0.6961434,0,0,0,0,87.285,42.50962
10.94,-10.54175,0.6918428,0,0,0,0,87.279,42.51191
10.95,-10.53576,0.6878143,0,0,0,0,87.276,42.42833
10.96,-10.5301,0.6840729,0,0,0,0,87.277,42.0874
10.97,-10.52473,0.6805916,0,0,0,0,87.267,42.00432
10.98,-10.51962,0.6773457,0,0,0,0,87.264,41.84464
10.99,-10.51476,0.6743131,0,0,0,0,87.26,41.66024
11,-10.51011,0.6714738,0,0,0,0,87.249,41.76748
11.01,-10.50567,0.6688098,0,0,0,0,87.249,41.6494
11.02,-10.5014,0.6663045,0,0,0,0,87.249,41.32534
11.03,-10.49729,0.6639434,0,0,0,0,87.234,41.48523
11.04,-10.49333,0.6617131,0,0,0,0,87.24,41.14816
11.05,-10.48951,0.6596014,0,0,0,0,87.223,41.38676
11.06,-10.48581,0.6575974,0,0,0,0,87.223,41.39133
11.07,-10.48222,0.655691,0,0,0,0,87.219,41.36075
11.08,-10.47873,0.6538735,0,0,0,0,87.219,41.11903
11.09,-10.47533,0.6521366,0,0,0,0,87.208,41.17723
11.1,-10.47201,0.6504729,0,0,0,0,87.211,40.88347
11.11,-10.46877,0.6488758,0,0,0,0,87.198,40.98463
11.12,-10.4656,0.6473392,0,0,0,0,87.196,40.95518
11.13,-10.46302,0.6463712,0,0,0,0,87.2,40.53754
11.14,-10.46045,0.6454045,0,0,0,0,87.187,40.52676
11.15,-10.45788,0.6444395,0,0,0,0,87.191,40.12774
11.16,-10.45531,0.643476,0,0,0,0,87.173,40.35958
11.17,-10.45275,0.642514,0,0,0,0,87.173,40.36323
11.18,-10.45007,0.6414195,0,0,0,0,87.172,40.20284
11.19,-10.44702,0.6399645,0,0,0,0,87.171,39.89248
11.2,-10.44403,0.638558,0,0,0,0,87.171,39.401
11.21,-10.4411,0.6371955,0,0,0,0,87.164,39.05853
11.22,-10.4382,0.6358733,0,0,0,0,87.154,38.98829
11.23,-10.43536,0.6345876,0,0,0,0,87.145,39.12344
11.24,-10.43255,0.6333351,0,0,0,0,87.141,39.22299
11.25,-10.42977,0.6321132,0,0,0,0,87.137,39.28976
11.26,-10.42703,0.6309188,0,0,0,0,87.137,39.14732
11.27,-10.42432,0.6297498,0,0,0,0,87.132,39.03766
11.28,-10.42164,0.6286038,0,0,0,0,87.123,39.13759
11.29,-10.41899,0.6274789,0,0,0,0,87.123,39.0266
11.3,-10.41635,0.6263733,0,0,0,0,87.113,39.17062
11.31,-10.4346,0.6466484,0,0,0,0,87.116,38.96589
11.32,-10.44476,0.6587202,0,0,0,0,87.114,38.666
11.33,-10.44217,0.6577251,0,0,0,0,87.11,38.36942
11.34,-10.43888,0.6560047,0,0,0,0,87.103,38.21147
11.35,-10.43325,0.6518608,0,0,0,0,87.095,38.2262
11.36,-10.42789,0.6479664,0,0,0,0,87.097,37.95161
11.37,-10.4228,0.6443468,0,0,0,0,87.088,37.90547
11.38,-10.41798,0.640982,0,0,0,0,87.085,37.8004
11.39,-10.4134,0.6378477,0,0,0,0,87.075,37.95531
11.4,-10.40903,0.6349222,0,0,0,0,87.072,38.03495
11.41,-10.41196,0.6396433,0,0,0,0,87.074,37.82161
11.42,-10.40947,0.6386944,0,0,0,0,87.071,37.56422
11.43,-10.407,0.6377472,0,0,0,0,87.062,37.53612
11.44,-10.40325,0.6354561,0,0,0,0,87.057,37.5394
11.45,-10.39979,0.6334463,0,0,0,0,87.056,37.39261
11.46,-10.3954,0.6304421,0,0,0,0,87.053,37.19842
11.47,-10.39121,0.6276365,0,0,0,0,87.042,37.31973
11.48,-10.39116,0.6292483,0,0,0,0,87.047,37.01374
11.49,-10.38874,0.628318,0,0,0,0,87.041,36.80969
11.5,-10.38632,0.6273892,0,0,0,0,87.035,36.69979
11.51,-10.38354,0.6260718,0,0,0,0,87.03,36.632
11.52,-10.3794,0.6232633,0,0,0,0,87.022,36.73765
11.53,-10.37543,0.6206359,0,0,0,0,87.019,36.77831
11.54,-10.38035,0.6276587,0,0,0,0,87.015,36.80427
11.55,-10.4045,0.6556959,0,0,0,0,87.012,36.77193
11.56,-10.43374,0.689453,0,0,0,0,87.013,36.50704
11.57,-10.44018,0.6983898,0,0,0,0,87.009,36.25363
11.58,-10.43463,0.694188,0,0,0,0,87.007,35.92227
11.59,-10.42408,0.6844579,0,0,0,0,86.996,35.92402
11.6,-10.41436,0.6755867,0,0,0,0,86.99,36.00746
11.61,-10.41094,0.6736527,0,0,0,0,86.991,35.85244
11.62,-10.40207,0.6656557,0,0,0,0,86.988,35.65836
11.63,-10.39386,0.6583444,0,0,0,0,86.985,35.42941
11.64,-10.38614,0.6515356,0,0,0,0,86.976,35.438
11.65,-10.37895,0.6452931,0,0,0,0,86.97,35.53016
11.66,-10.37649,0.6443305,0,0,0,0,86.973,35.29601
11.67,-10.37386,0.6431662,0,0,0,0,86.968,35.12169
11.68,-10.36723,0.6374751,0,0,0,0,86.96,35.13719
11.69,-10.36103,0.6322441,0,0,0,0,86.962,34.87926
11.7,-10.35522,0.6274284,0,0,0,0,86.954,34.81938
11.71,-10.34977,0.6229882,0,0,0,0,86.95,34.76225
11.72,-10.34463,0.6188874,0,0,0,0,86.949,34.57382
11.73,-10.33977,0.6150812,0,0,0,0,86.943,34.48958
11.74,-10.33514,0.6115096,0,0,0,0,86.937,34.50132
11.75,-10.33074,0.6081949,0,0,0,0,86.94,34.19833
11.76,-10.32656,0.6051126,0,0,0,0,86.932,34.10033
11.77,-10.32258,0.6022411,0,0,0,0,86.928,34.01168
11.78,-10.31878,0.5995603,0,0,0,0,86.923,33.97687
11.79,-10.31514,0.5970525,0,0,0,0,86.923,33.76782
11.8,-10.31164,0.5947015,0,0,0,0,86.92,33.53419
11.81,-10.30828,0.5924927,0,0,0,0,86.916,33.32364
11.82,-10.30504,0.590413,0,0,0,0,86.905,33.44866
11.83,-10.3019,0.5884503,0,0,0,0,86.906,33.34379
11.84,-10.29887,0.5865939,0,0,0,0,86.902,33.25271
11.85,-10.29593,0.5848339,0,0,0,0,86.895,33.30897
11.86,-10.29306,0.5831615,0,0,0,0,86.896,33.1422
11.87,-10.29028,0.5815688,0,0,0,0,86.892,32.99543
11.88,-10.28756,0.5800484,0,0,0,0,86.889,32.82282
11.89,-10.2849,0.5785937,0,0,0,0,86.889,32.49294
11.9,-10.2823,0.5771987,0,0,0,0,86.878,32.51271
11.91,-10.27976,0.5758582,0,0,0,0,86.874,32.53964
11.92,-10.27725,0.5745671,0,0,0,0,86.873,32.4391
11.93,-10.2748,0.5733211,0,0,0,0,86.868,32.40123
11.94,-10.27238,0.572116,0,0,0,0,86.867,32.24202
11.95,-10.27,0.5709483,0,0,0,0,86.866,31.97227
11.96,-10.26765,0.5698146,0,0,0,0,86.864,31.64683
11.97,-10.26533,0.568712,0,0,0,0,86.853,31.67455
11.98,-10.26304,0.5676377,0,0,0,0,86.856,31.39933
11.99,-10.26078,0.5665893,0,0,0,0,86.855,31.02656
12,-10.25854,0.5655645,0,0,0,0,86.845,30.96871
12.01,-10.25632,0.5645612,0,0,0,0,86.838,31.06565
12.02,-10.25413,0.5635778,0,0,0,0,86.834,31.17022
12.03,-10.25195,0.5626123,0,0,0,0,86.835,31.05781
12.04,-10.24979,0.5616634,0,0,0,0,86.833,30.88124
12.05,-10.24765,0.5607297,0,0,0,0,86.825,30.91536
12.06,-10.24552,0.55981,0,0,0,0,86.825,30.7844
12.07,-10.24341,0.5589031,0,0,0,0,86.826,30.45796
12.08,-10.24131,0.5580079,0,0,0,0,86.813,30.58033
12.09,-10.23922,0.5571237,0,0,0,0,86.813,30.53193
12.1,-10.23715,0.5562514,0,0,0,0,86.813,30.32743
12.11,-10.23509,0.5553974,0,0,0,0,86.804,30.38361
12.12,-10.23305,0.5545518,0,0,0,0,86.802,30.36534
12.13,-10.23101,0.5537141,0,0,0,0,86.799,30.32389
12.14,-10.22899,0.5528838,0,0,0,0,86.798,30.17191
12.15,-10.22698,0.5520602,0,0,0,0,86.794,30.05359
12.16,-10.22497,0.5512429,0,0,0,0,86.796,29.69793
12.17,-10.22297,0.5504314,0,0,0,0,86.787,29.61849
12.18,-10.22098,0.5496255,0,0,0,0,86.782,29.61371
12.19,-10.219,0.5488248,0,0,0,0,86.779,29.58808
12.2,-10.21702,0.5480288,0,0,0,0,86.783,29.23012
12.21,-10.21506,0.5472373,0,0,0,0,86.781,28.83743
12.22,-10.2131,0.5464502,0,0,0,0,86.77,28.81722
12.23,-10.21114,0.5456671,0,0,0,0,86.767,28.78061
12.24,-10.2092,0.5448878,0,0,0,0,86.764,28.72945
12.25,-10.20725,0.5441121,0,0,0,0,86.759,28.75483
12.26,-10.20532,0.5433399,0,0,0,0,86.755,28.80573
12.27,-10.20339,0.542571,0,0,0,0,86.752,28.83532
12.28,-10.20147,0.5418053,0,0,0,0,86.749,28.84546
12.29,-10.19955,0.5410425,0,0,0,0,86.746,28.83798
12.3,-10.19764,0.5402827,0,0,0,0,86.74,28.94882
12.31,-10.19574,0.5395257,0,0,0,0,86.743,28.76498
12.32,-10.19384,0.5387714,0,0,0,0,86.737,28.71481
12.33,-10.19194,0.5380197,0,0,0,0,86.733,28.69775
12.34,-10.19005,0.5372705,0,0,0,0,86.74,28.21876
12.35,-10.18817,0.5365238,0,0,0,0,86.728,28.16875
12.36,-10.18629,0.5357795,0,0,0,0,86.729,27.93008
12.37,-10.18442,0.5350375,0,0,0,0,86.724,27.78816
12.38,-10.18255,0.5342979,0,0,0,0,86.716,27.86996
12.39,-10.18069,0.5335605,0,0,0,0,86.718,27.70893
12.4,-10.17883,0.5328252,0,0,0,0,86.719,27.37085
12.41,-10.17698,0.5320921,0,0,0,0,86.714,27.14021
12.42,-10.17513,0.5313612,0,0,0,0,86.708,27.05377
12.43,-10.17329,0.5306324,0,0,0,0,86.711,26.69699
12.44,-10.17145,0.5299057,0,0,0,0,86.7,26.72062
12.45,-10.16962,0.5291809,0,0,0,0,86.698,26.69013
12.46,-10.16779,0.5284582,0,0,0,0,86.701,26.38651
12.47,-10.16597,0.5277376,0,0,0,0,86.698,26.1022
12.48,-10.16415,0.5270188,0,0,0,0,86.688,26.1501
12.49,-10.16234,0.5263021,0,0,0,0,86.685,26.18928
12.5,-10.16053,0.5255873,0,0,0,0,86.688,25.95197
12.51,-10.15872,0.5248746,0,0,0,0,86.68,25.95458
12.52,-10.15692,0.5241637,0,0,0,0,86.677,25.95349
12.53,-10.15513,0.5234548,0,0,0,0,86.676,25.85975
12.54,-10.15334,0.5227477,0,0,0,0,86.67,25.90528
12.55,-10.15155,0.5220426,0,0,0,0,86.667,25.94438
12.56,-10.14977,0.5213394,0,0,0,0,86.67,25.70888
12.57,-10.148,0.5206381,0,0,0,0,86.661,25.76001
12.58,-10.14623,0.5199388,0,0,0,0,86.66,25.71563
12.59,-10.14446,0.5192413,0,0,0,0,86.659,25.58407
12.6,-10.1427,0.5185456,0,0,0,0,86.655,25.50742
12.61,-10.14094,0.5178519,0,0,0,0,86.651,25.48158
12.62,-10.13919,0.5171602,0,0,0,0,86.652,25.27866
12.63,-10.13744,0.5164702,0,0,0,0,86.64,25.4964
12.64,-10.13569,0.5157822,0,0,0,0,86.641,25.51719
12.65,-10.13395,0.5150964,0,0,0,0,86.642,25.35753
12.66,-10.13222,0.5144125,0,0,0,0,86.641,25.12263
12.67,-10.13049,0.5137305,0,0,0,0,86.633,25.133
12.68,-10.12876,0.5130503,0,0,0,0,86.636,24.87581
12.69,-10.12704,0.5123721,0,0,0,0,86.629,24.82214
12.7,-10.12533,0.5116956,0,0,0,0,86.63,24.5971
12.71,-10.12361,0.5110211,0,0,0,0,86.619,24.75323
12.72,-10.1219,0.5103484,0,0,0,0,86.62,24.7212
12.73,-10.1202,0.5096777,0,0,0,0,86.623,24.42745
12.74,-10.1185,0.5090088,0,0,0,0,86.619,24.20809
12.75,-10.11681,0.5083418,0,0,0,0,86.605,24.50567
12.76,-10.13074,0.5331094,0,0,0,0,86.608,24.51528
12.77,-10.15687,0.578026,0,0,0,0,86.604,24.57429
12.78,-10.18022,0.6187583,0,0,0,0,86.602,24.5887
12.79,-10.20096,0.6555143,0,0,0,0,86.604,24.38311
12.8,-10.2194,0.688779,0,0,0,0,86.605,24.02137
12.81,-10.22482,0.700679,0,0,0,0,86.594,24.05508
12.82,-10.2403,0.7294777,0,0,0,0,86.602,23.60083
12.83,-10.22846,0.712703,0,0,0,0,86.598,23.23788
12.84,-10.21476,0.692681,0,0,0,0,86.591,23.09466
12.85,-10.20218,0.6743645,0,0,0,0,86.591,22.84024
12.86,-10.19068,0.6577313,0,0,0,0,86.584,22.79833
12.87,-10.18012,0.6425663,0,0,0,0,86.581,22.77243
12.88,-10.17043,0.6287482,0,0,0,0,86.581,22.62728
12.89,-10.1615,0.6161309,0,0,0,0,86.578,22.50778
12.9,-10.15332,0.6046859,0,0,0,0,86.572,22.54665
12.91,-10.14571,0.5941403,0,0,0,0,86.577,22.23819
12.92,-10.13872,0.5845773,0,0,0,0,86.569,22.19463
12.93,-10.13228,0.5758885,0,0,0,0,86.574,21.81197
12.94,-10.12625,0.5678443,0,0,0,0,86.567,21.65725
12.95,-10.12067,0.5605181,0,0,0,0,86.563,21.57778
12.96,-10.11548,0.5538402,0,0,0,0,86.56,21.52312
12.97,-10.11066,0.547746,0,0,0,0,86.555,21.58108
12.98,-10.10613,0.5421232,0,0,0,0,86.56,21.29462
12.99,-10.10188,0.5369388,0,0,0,0,86.55,21.36508
13,-10.09789,0.5321914,0,0,0,0,86.551,21.27023
13.01,-10.09414,0.5278385,0,0,0,0,86.543,21.42739
13.02,-10.09062,0.5238419,0,0,0,0,86.544,21.41229
13.03,-10.08728,0.5201674,0,0,0,0,86.546,21.19466
13.04,-10.08413,0.5167841,0,0,0,0,86.543,21.01611
13.05,-10.08113,0.5136644,0,0,0,0,86.538,20.96354
13.06,-10.07826,0.510748,0,0,0,0,86.537,20.84782
13.07,-10.07551,0.5080396,0,0,0,0,86.535,20.71956
13.08,-10.07289,0.5055311,0,0,0,0,86.533,20.58039
13.09,-10.07037,0.5032036,0,0,0,0,86.527,20.61092
13.1,-10.06795,0.5010401,0,0,0,0,86.528,20.48365
13.11,-10.06562,0.4990255,0,0,0,0,86.528,20.25713
13.12,-10.06337,0.4971458,0,0,0,0,86.53,19.8508
13.13,-10.0612,0.4953887,0,0,0,0,86.522,19.7289
13.14,-10.05909,0.4937427,0,0,0,0,86.53,19.1518
13.15,-10.05704,0.4921978,0,0,0,0,86.514,19.23419
13.16,-10.05504,0.4907445,0,0,0,0,86.518,19.0255
13.17,-10.0531,0.4893746,0,0,0,0,86.515,18.86438
13.18,-10.0512,0.4880805,0,0,0,0,86.511,18.79227
13.19,-10.04934,0.4868554,0,0,0,0,86.515,18.4441
13.2,-10.04752,0.4856929,0,0,0,0,86.503,18.56054
13.21,-10.04574,0.4845874,0,0,0,0,86.508,18.34162
13.22,-10.04398,0.483534,0,0,0,0,86.503,18.26391
13.23,-10.04225,0.4825278,0,0,0,0,86.504,18.04743
13.24,-10.04055,0.4815648,0,0,0,0,86.496,18.10769
13.25,-10.03888,0.4806411,0,0,0,0,86.495,18.10817
13.26,-10.03722,0.4797532,0,0,0,0,86.492,18.14378
13.27,-10.03559,0.4788982,0,0,0,0,86.491,18.12214
13.28,-10.03398,0.478073,0,0,0,0,86.49,18.0483
13.29,-10.03238,0.4772753,0,0,0,0,86.487,18.01644
13.3,-10.0308,0.4765025,0,0,0,0,86.486,17.93396
13.31,-10.02923,0.4757527,0,0,0,0,86.487,17.71584
13.32,-10.02767,0.4750238,0,0,0,0,86.479,17.77731
13.33,-10.02613,0.4743142,0,0,0,0,86.481,17.64731
13.34,-10.0246,0.4736222,0,0,0,0,86.478,17.56634
13.35,-10.02309,0.4729466,0,0,0,0,86.479,17.35155
13.36,-10.02158,0.4722859,0,0,0,0,86.469,17.50754
13.37,-10.02008,0.4716388,0,0,0,0,86.466,17.68979
13.38,-10.01859,0.4710045,0,0,0,0,86.466,17.76149
13.39,-10.01711,0.470382,0,0,0,0,86.469,17.59743
13.4,-10.01563,0.4697703,0,0,0,0,86.463,17.62085
13.41,-10.01417,0.4691686,0,0,0,0,86.461,17.63708
13.42,-10.01271,0.4685763,0,0,0,0,86.455,17.82609
13.43,-10.01126,0.4679927,0,0,0,0,86.457,17.8148
13.44,-10.00981,0.4674172,0,0,0,0,86.455,17.79922
13.45,-10.00837,0.4668492,0,0,0,0,86.453,17.7798
13.46,-10.00694,0.4662883,0,0,0,0,86.457,17.48837
13.47,-10.00551,0.4657339,0,0,0,0,86.454,17.26206
13.48,-10.00409,0.4651857,0,0,0,0,86.446,17.32018
13.49,-10.00267,0.4646434,0,0,0,0,86.448,17.19121
13.5,-10.00125,0.4641066,0,0,0,0,86.446,17.0705
13.51,-9.999847,0.463575,0,0,0,0,86.444,16.95779
13.52,-9.998443,0.4630484,0,0,0,0,86.449,16.53948
13.53,-9.997045,0.4625264,0,0,0,0,86.441,16.42453
13.54,-9.99565,0.4620089,0,0,0,0,86.433,16.58826
13.55,-9.99426,0.4614957,0,0,0,0,86.436,16.5146
13.56,-9.992874,0.4609865,0,0,0,0,86.438,16.26866
13.57,-9.991492,0.4604814,0,0,0,0,86.437,15.99973
13.58,-9.990114,0.4599799,0,0,0,0,86.434,15.80037
13.59,-9.98874,0.4594821,0,0,0,0,86.432,15.62076
13.6,-9.987369,0.4589878,0,0,0,0,86.422,15.81829
13.61,-9.986002,0.4584969,0,0,0,0,86.427,15.68954
13.62,-9.98464,0.4580093,0,0,0,0,86.423,15.66525
13.63,-9.98328,0.4575249,0,0,0,0,86.425,15.46818
13.64,-9.981924,0.4570436,0,0,0,0,86.425,15.20313
13.65,-9.980572,0.4565654,0,0,0,0,86.418,15.19015
13.66,-9.979223,0.4560901,0,0,0,0,86.417,15.13981
13.67,-9.977878,0.4556178,0,0,0,0,86.418,14.96608
13.68,-9.976536,0.4551483,0,0,0,0,86.418,14.72465
13.69,-9.975197,0.4546817,0,0,0,0,86.414,14.60113
13.7,-9.973862,0.4542178,0,0,0,0,86.413,14.4519
13.71,-9.972529,0.4537568,0,0,0,0,86.41,14.36951
13.72,-9.9712,0.4532984,0,0,0,0,86.41,14.21442
13.73,-9.969875,0.4528426,0,0,0,0,86.405,14.21719
13.74,-9.968552,0.4523895,0,0,0,0,86.413,13.78274
13.75,-9.967232,0.451939,0,0,0,0,86.403,13.75513
13.76,-9.965916,0.4514912,0,0,0,0,86.408,13.42894
13.77,-9.964603,0.4510458,0,0,0,0,86.404,13.23323
13.78,-9.963292,0.4506031,0,0,0,0,86.399,13.20272
13.79,-9.961985,0.4501629,0,0,0,0,86.399,13.10021
13.8,-9.960681,0.4497252,0,0,0,0,86.398,12.97699
13.81,-9.95938,0.4492901,0,0,0,0,86.395,12.92499
13.82,-9.958081,0.4488574,0,0,0,0,86.397,12.71462
13.83,-9.956786,0.4484272,0,0,0,0,86.397,12.44953
13.84,-9.955493,0.4479996,0,0,0,0,86.387,12.58298
13.85,-9.954204,0.4475743,0,0,0,0,86.389,12.54451
13.86,-9.952917,0.4471516,0,0,0,0,86.392,12.30383
13.87,-9.951633,0.4467314,0,0,0,0,86.383,12.41612
13.88,-9.950352,0.4463136,0,0,0,0,86.381,12.53839
13.89,-9.949074,0.4458983,0,0,0,0,86.383,12.49064
13.9,-9.947799,0.4454854,0,0,0,0,86.381,12.46639
13.91,-9.946526,0.4450749,0,0,0,0,86.383,12.28482
13.92,-9.945256,0.444667,0,0,0,0,86.381,12.13885
13.93,-9.943989,0.4442615,0,0,0,0,86.375,12.20523
13.94,-9.942724,0.4438584,0,0,0,0,86.373,12.28719
13.95,-9.941463,0.4434578,0,0,0,0,86.376,12.15961
13.96,-9.940204,0.4430597,0,0,0,0,86.375,12.01949
13.97,-9.938947,0.442664,0,0,0,0,86.373,11.91318
13.98,-9.937693,0.4422708,0,0,0,0,86.369,11.92801
13.99,-9.936442,0.44188,0,0,0,0,86.374,11.65096
14,-9.935194,0.4414917,0,0,0,0,86.369,11.55519
14.01,-9.933948,0.4411058,0,0,0,0,86.366,11.53648
14.02,-9.932704,0.4407224,0,0,0,0,86.364,11.54394
14.03,-9.931463,0.4403415,0,0,0,0,86.367,11.35174
14.04,-9.930225,0.439963,0,0,0,0,86.366,11.1562
14.05,-9.92899,0.4395892,0,0,0,0,86.363,11.04799
14.06,-9.927759,0.439222,0,0,0,0,86.369,10.61728
14.07,-9.926529,0.4388572,0,0,0,0,86.356,10.74327
14.08,-9.925303,0.4384947,0,0,0,0,86.359,10.66297
14.09,-9.924079,0.4381347,0,0,0,0,86.362,10.39399
14.1,-9.922857,0.4377772,0,0,0,0,86.355,10.40088
14.11,-9.921637,0.437422,0,0,0,0,86.358,10.21308
14.12,-9.92042,0.4370693,0,0,0,0,86.353,10.20578
14.13,-9.919205,0.436719,0,0,0,0,86.357,9.961085
14.14,-9.917993,0.4363711,0,0,0,0,86.352,9.902751
14.15,-9.916782,0.4360257,0,0,0,0,86.35,9.881351
14.16,-9.915574,0.4356827,0,0,0,0,86.348,9.894075
14.17,-9.914369,0.4353422,0,0,0,0,86.35,9.759169
14.18,-9.915022,0.4423539,0,0,0,0,86.355,9.35506
14.19,-9.9138,0.4420105,0,0,0,0,86.344,9.421951
14.2,-9.91258,0.4416697,0,0,0,0,86.349,9.204238
14.21,-9.911362,0.4413312,0,0,0,0,86.341,9.308788
14.22,-9.919167,0.4782227,0,0,0,0,86.343,9.260694
14.23,-9.926572,0.5142344,0,0,0,0,86.341,9.251959
14.24,-9.933011,0.5469582,0,0,0,0,86.344,9.055417
14.25,-9.93855,0.5765582,0,0,0,0,86.338,9.090592
14.26,-9.943288,0.6033692,0,0,0,0,86.338,9.069607
14.27,-9.94731,0.6276596,0,0,0,0,86.341,8.863019
14.28,-9.950687,0.6496541,0,0,0,0,86.345,8.442298
14.29,-9.953482,0.6695672,0,0,0,0,86.333,8.543117
14.3,-9.955759,0.6876015,0,0,0,0,86.332,8.62952
14.31,-9.95755,0.7038453,0,0,0,0,86.335,8.523524
14.32,-9.958924,0.7185543,0,0,0,0,86.337,8.286407
14.33,-9.959928,0.7318847,0,0,0,0,86.337,8.019506
14.34,-9.960573,0.7438487,0,0,0,0,86.335,7.815845
14.35,-9.960929,0.7547236,0,0,0,0,86.331,7.760547
14.36,-9.960992,0.7644493,0,0,0,0,86.335,7.483503
14.37,-9.96082,0.7732722,0,0,0,0,86.332,7.317653
14.38,-9.96042,0.7811909,0,0,0,0,86.329,7.254366
14.39,-9.959821,0.7883088,0,0,0,0,86.329,7.151285
14.4,-9.959049,0.7947382,0,0,0,0,86.329,7.012215
14.41,-9.958113,0.8004923,0,0,0,0,86.329,6.840803
14.42,-9.957029,0.8056317,0,0,0,0,86.331,6.55085
14.43,-9.955821,0.8102513,0,0,0,0,86.324,6.556456
14.44,-9.9545,0.8143961,0,0,0,0,86.324,6.519723
14.45,-9.953077,0.8181034,0,0,0,0,86.323,6.489348
14.46,-9.951555,0.8213651,0,0,0,0,86.321,6.509929
14.47,-9.949952,0.8242717,0,0,0,0,86.32,6.532599
14.48,-9.948276,0.8268551,0,0,0,0,86.321,6.467756
14.49,-9.946536,0.8291441,0,0,0,0,86.326,6.143871
14.5,-9.944739,0.8311654,0,0,0,0,86.325,5.852268
14.51,-9.942889,0.8329434,0,0,0,0,86.317,5.904901
14.52,-9.940993,0.8345002,0,0,0,0,86.319,5.825414
14.53,-9.939055,0.8358488,0,0,0,0,86.311,6.073128
14.54,-9.937078,0.8369974,0,0,0,0,86.322,5.769459
14.55,-9.935068,0.837983,0,0,0,0,86.317,5.677851
14.56,-9.93303,0.8388205,0,0,0,0,86.315,5.646725
14.57,-9.930967,0.8395239,0,0,0,0,86.317,5.492256
14.58,-9.928882,0.8401058,0,0,0,0,86.314,5.449357
14.59,-9.926777,0.8405779,0,0,0,0,86.321,5.061151
14.6,-9.924654,0.8409503,0,0,0,0,86.311,5.118955
14.61,-9.922517,0.8412329,0,0,0,0,86.311,5.137964
14.62,-9.920366,0.8414343,0,0,0,0,86.316,4.897757
14.63,-9.918204,0.8415624,0,0,0,0,86.312,4.823807
14.64,-9.916031,0.8416244,0,0,0,0,86.316,4.54438
14.65,-9.91385,0.8416269,0,0,0,0,86.311,4.48068
14.66,-9.911662,0.8415755,0,0,0,0,86.312,4.346485
14.67,-9.909467,0.8414763,0,0,0,0,86.308,4.372256
14.68,-9.907267,0.8413336,0,0,0,0,86.314,4.096978
14.69,-9.905063,0.8411522,0,0,0,0,86.301,4.397519
14.7,-9.902855,0.840936,0,0,0,0,86.305,4.464063
14.71,-9.900644,0.8406888,0,0,0,0,86.309,4.316238
14.72,-9.898431,0.8404141,0,0,0,0,86.31,4.10663
14.73,-9.896215,0.8401146,0,0,0,0,86.306,4.06514
14.74,-9.893999,0.8397935,0,0,0,0,86.308,3.909386
14.75,-9.891782,0.839453,0,0,0,0,86.304,3.918165
14.76,-9.889564,0.8390956,0,0,0,0,86.307,3.764629
14.77,-9.887346,0.8387233,0,0,0,0,86.303,3.776303
14.78,-9.885129,0.8383379,0,0,0,0,86.311,3.402262
14.79,-9.882911,0.8379412,0,0,0,0,86.304,3.347579
14.8,-9.880695,0.8375348,0,0,0,0,86.305,3.227769
14.81,-9.878479,0.8371202,0,0,0,0,86.304,3.138506
14.82,-9.876265,0.8366985,0,0,0,0,86.309,2.808997
14.83,-9.874051,0.836271,0,0,0,0,86.302,2.797769
14.84,-9.871839,0.8358387,0,0,0,0,86.303,2.720299
14.85,-9.869629,0.8354026,0,0,0,0,86.297,2.896078
14.86,-9.86742,0.8349636,0,0,0,0,86.296,3.079867
14.87,-9.865212,0.8345225,0,0,0,0,86.301,3.001952
14.88,-9.863007,0.8340799,0,0,0,0,86.308,2.594961
14.89,-9.860803,0.8336366,0,0,0,0,86.299,2.603963
14.9,-9.858601,0.8331933,0,0,0,0,86.302,2.45723
14.91,-9.8564,0.8327501,0,0,0,0,86.301,2.347458
14.92,-9.854202,0.8323079,0,0,0,0,86.299,2.316874
14.93,-9.852006,0.8318671,0,0,0,0,86.302,2.135387
14.94,-9.849811,0.8314281,0,0,0,0,86.295,2.264027
14.95,-9.847619,0.8309911,0,0,0,0,86.303,2.00504
14.96,-9.845428,0.8305565,0,0,0,0,86.3,1.884215
14.97,-9.843239,0.8301248,0,0,0,0,86.3,1.756238
14.98,-9.841053,0.829696,0,0,0,0,86.293,1.935877
14.99,-9.838868,0.8292704,0,0,0,0,86.302,1.680668
15,-9.836685,0.8288484,0,0,0,0,86.297,1.654635
15.01,-9.834503,0.8284301,0,0,0,0,86.299,1.52544
15.02,-9.832324,0.8280156,0,0,0,0,86.294,1.615778
15.03,-9.830147,0.8276051,0,0,0,0,86.298,1.504271
15.04,-9.827971,0.827199,0,0,0,0,86.297,1.43214
15.05,-9.825797,0.8267971,0,0,0,0,86.297,1.35168
15.06,-9.823625,0.8263998,0,0,0,0,86.29,1.577497
15.07,-9.821454,0.8260068,0,0,0,0,86.295,1.54629
15.08,-9.819285,0.8256187,0,0,0,0,86.299,1.324394
15.09,-9.817118,0.8252353,0,0,0,0,86.296,1.241968
15.1,-9.814953,0.8248569,0,0,0,0,86.296,1.153413
15.11,-9.812789,0.8244831,0,0,0,0,86.292,1.238845
15.12,-9.810626,0.8241145,0,0,0,0,86.3,0.9462675
15.13,-9.808465,0.8237509,0,0,0,0,86.296,0.8456813
15.14,-9.806306,0.8233924,0,0,0,0,86.296,0.7423187
15.15,-9.804147,0.8230392,0,0,0,0,86.297,0.5921285
15.16,-9.802044,0.7886662,0,0,0,0,86.3,0.309996
