# Time (s),Vertical acceleration (m/s²),Lateral acceleration (m/s²),Roll rate (rad/s),Pitch rate (rad/s),Yaw rate (rad/s),Air temperature (°C),Air pressure (kPa),Shenanigans (sqrt_Hz)
0.00,9.8,0,0,0,0,0,98.09351,0.1488798
0.01,14.89057,2.62561,0,0,0,0,98.09351,0.1488798
0.02,83.65114,14.74995,0,0,0,0,98.09344,0.985166
0.03,85.70251,15.11167,0,0,0,0,98.09328,1.841961
0.04,87.1004,15.35815,0,0,0,0,98.09302,2.712737
0.05,87.59339,15.44508,0,0,0,0,98.09266,3.58845
0.06,87.18118,15.37239,0,0,0,0,98.09219,4.460044
0.07,86.76818,15.29957,0,0,0,0,98.09163,5.327511
0.08,86.35458,15.22664,0,0,0,0,98.09096,6.190843
0.09,85.94055,15.15364,0,0,0,0,98.0902,7.050037
0.1,85.52637,15.08061,0,0,0,0,98.08934,7.905087
0.11,85.11311,15.00774,0,0,0,0,98.08838,8.755999
0.12,84.69985,14.93487,0,0,0,0,98.08732,9.602778
0.13,84.28607,14.86191,0,0,0,0,98.08616,10.44542
0.14,83.87139,14.78879,0,0,0,0,98.08491,11.28392
0.15,83.45556,14.71547,0,0,0,0,98.08356,12.11827
0.16,83.03749,14.64175,0,0,0,0,98.08211,12.94844
0.17,82.61868,14.5679,0,0,0,0,98.08057,13.77443
0.18,82.19912,14.49392,0,0,0,0,98.07894,14.59623
0.19,81.77882,14.41981,0,0,0,0,98.07721,15.41383
0.2,81.48793,14.36852,0,0,0,0,98.07538,16.22852
0.21,81.97919,14.45514,0,0,0,0,98.07346,17.04813
0.22,82.60102,14.56479,0,0,0,0,98.07145,17.87396
0.235,83.11517,16.24417,0,0,0,0,98.06825,19.11985
0.2575,84.15206,16.30086,0,0,0,0,98.06304,21.01191
0.29125,83.56369,15.88339,0,0,0,0,98.05431,23.83084
0.34125,83.08482,15.4278,0,0,0,0,98.03938,27.9793
0.39125,83.47855,15.4736,0,0,0,0,98.02204,32.14966
0.44125,81.62487,14.73319,0,0,0,0,98.00233,36.22609
0.49125,81.36643,15.97966,0,0,0,0,97.98026,40.29705
0.54125,81.50627,17.20433,0,0,0,0,97.95585,44.37423
0.59125,81.4366,19.43183,0,0,0,0,97.92908,48.45412
0.64125,81.22191,21.2784,0,0,0,0,97.89997,52.52211
0.69125,80.68219,23.04616,0,0,0,0,97.86851,56.56475
0.74125,80.00733,25.10833,0,0,0,0,97.83474,60.57709
0.79125,79.26602,27.18138,0,0,0,0,97.79866,64.55344
0.84125,78.7772,27.81673,0,0,0,0,97.7603,68.49437
0.89125,78.20832,28.32964,0,0,0,0,97.71967,72.40852
0.94125,77.85947,28.0852,0,0,0,0,97.67679,76.29874
0.99125,77.09737,29.16298,0,0,0,0,97.63168,80.16373
1.04125,76.9495,28.22902,0,0,0,0,97.58435,84.00145
1.09125,76.57527,28.04855,0,0,0,0,97.5348,87.83093
1.14125,75.89858,29.1537,0,0,0,0,97.48348,91.63575
1.19125,75.60292,29.07644,0,0,0,0,97.43089,95.41311
1.24125,75.75195,27.54818,0,0,0,0,97.37618,99.18806
1.29125,75.95231,25.47254,0,0,0,0,97.31935,102.9719
1.34125,75.4682,24.71583,0,0,0,0,97.26039,106.7442
1.39125,75.00118,23.69287,0,0,0,0,97.19932,110.4895
1.429064,74.03166,24.8007,0,0,0,0,97.15174,113.298
1.479064,73.293,24.9572,0,0,0,0,97.08701,116.9592
1.529064,72.29326,25.63994,0,0,0,0,97.02022,120.5887
1.579064,71.16065,26.87241,0,0,0,0,96.95142,124.1577
1.629064,69.8423,28.65995,0,0,0,0,96.88062,127.6705
1.657928,69.17294,28.96833,0,0,0,0,96.83886,129.6665
1.682302,69.28677,27.37369,0,0,0,0,96.80308,131.3497
1.718864,69.50189,25.16212,0,0,0,0,96.74856,133.8826
1.768864,69.47695,22.71685,0,0,0,0,96.67231,137.3454
1.799076,68.81468,21.39205,0,0,0,0,96.62529,139.421
1.820751,68.14404,21.11894,0,0,0,0,96.59113,140.8983
1.841391,67.46896,21.29346,0,0,0,0,96.55827,142.2927
1.862869,66.59459,22.12263,0,0,0,0,96.52373,143.7275
1.889845,65.58614,23.85453,0,0,0,0,96.47985,145.506
1.930311,64.37067,26.71189,0,0,0,0,96.41304,148.1328
1.980311,62.94696,29.70813,0,0,0,0,96.32886,151.3088
2.000857,62.31574,30.58622,0,0,0,0,96.29375,152.5884
2.018422,60.69382,30.29608,0,0,0,0,96.2635,153.6552
2.035218,58.87618,29.52576,0,0,0,0,96.23439,154.6439
2.05243,57.22513,28.37206,0,0,0,0,96.20436,155.6275
2.071557,55.7109,26.43682,0,0,0,0,96.17077,156.6895
2.099131,53.868,23.39064,0,0,0,0,96.12196,158.168
2.140492,48.77996,18.04566,0,0,0,0,96.04793,160.1773
2.168821,42.39779,14.16023,0,0,0,0,95.9967,161.3696
2.187464,38.82092,12.48046,0,0,0,0,95.9628,162.0908
2.204486,36.13796,11.88614,0,0,0,0,95.93171,162.7075
2.222753,33.12435,12.43389,0,0,0,0,95.89823,163.3174
2.250154,29.03432,13.64239,0,0,0,0,95.84778,164.1272
2.291255,23.85932,14.05002,0,0,0,0,95.77169,165.1269
2.32491,20.22055,12.77181,0,0,0,0,95.70906,165.8041
2.361128,17.14144,10.99563,0,0,0,0,95.64141,166.4242
2.411128,13.25344,9.22626,0,0,0,0,95.54765,167.0891
2.461128,9.148104,6.523927,0,0,0,0,95.45357,167.5354
2.511128,5.173852,3.504579,0,0,0,0,95.3593,167.7874
2.547241,1.243261,2.494361,0,0,0,0,95.29115,167.8319
2.597241,-2.087387,0.2009372,0,0,0,0,95.19682,167.7237
2.619944,-5.298706,0.1808064,0,0,0,0,95.15401,167.6061
2.653999,-8.161945,1.86778,0,0,0,0,95.08988,167.343
2.703999,-11.38889,1.461233,0,0,0,0,94.99602,166.7819
2.736492,-14.13017,1.74358,0,0,0,0,94.93629,166.325
2.757215,-15.33963,1.12788,0,0,0,0,94.89829,166.0039
2.779159,-15.59652,0.4603132,0,0,0,0,94.85814,165.6558
2.812075,-15.59133,1.46053,0,0,0,0,94.79805,165.1416
2.861449,-16.22883,0.9628168,0,0,0,0,94.7083,164.338
2.908623,-16.17874,2.890588,0,0,0,0,94.62294,163.5549
2.958623,-15.62076,6.673063,0,0,0,0,94.53292,162.7463
2.973068,-15.61616,8.244599,0,0,0,0,94.507,162.5181
2.984627,-15.56375,9.019633,0,0,0,0,94.48628,162.3369
2.994968,-15.56583,9.512598,0,0,0,0,94.46776,162.1752
3,-17.69712,2.55782,0,0,0,0,94.462,161.9342
3.01,-18.54339,2.833747,0,0,0,0,94.161,161.7598
3.02,-19.28791,3.077002,0,0,0,0,93.89154,161.577
3.03,-19.9291,3.28701,0,0,0,0,93.65833,161.3866
3.04,-20.48096,3.468258,0,0,0,0,93.45005,161.1899
3.05,-20.95333,3.623893,0,0,0,0,93.27794,160.9875
3.06,-21.3584,3.75783,0,0,0,0,93.11474,160.7805
3.07,-21.70437,3.872704,0,0,0,0,92.98159,160.5694
3.08,-21.99886,3.970954,0,0,0,0,92.85401,160.3549
3.09,-22.24873,4.054792,0,0,0,0,92.74784,160.1374
3.1,-22.46016,4.1262,0,0,0,0,92.64619,159.9174
3.11,-22.63764,4.186625,0,0,0,0,92.56343,159.6952
3.12,-22.78581,4.237559,0,0,0,0,92.49513,159.4712
3.13,-22.90889,4.280363,0,0,0,0,92.42206,159.2458
3.14,-23.00982,4.315982,0,0,0,0,92.36613,159.019
3.15,-23.09146,4.345341,0,0,0,0,92.31041,158.7913
3.16,-23.15702,4.369475,0,0,0,0,92.26308,158.5628
3.17,-23.20791,4.388838,0,0,0,0,92.21643,158.3336
3.18,-23.24609,4.404066,0,0,0,0,92.17786,158.1038
3.19,-23.27371,4.41585,0,0,0,0,92.14881,157.8736
3.2,-23.29211,4.42463,0,0,0,0,92.11384,157.6432
3.21,-23.30251,4.430794,0,0,0,0,92.08152,157.4127
3.22,-23.30576,4.434621,0,0,0,0,92.05452,157.1819
3.23,-23.30267,4.436373,0,0,0,0,92.03353,156.9511
3.24,-23.2945,4.436459,0,0,0,0,92.00727,156.7205
3.25,-23.28184,4.435069,0,0,0,0,91.98753,156.4898
3.26,-23.2653,4.432401,0,0,0,0,91.9661,156.2593
3.27,-23.24539,4.428624,0,0,0,0,91.9478,156.029
3.28,-23.22258,4.423887,0,0,0,0,91.92849,155.7988
3.29,-23.19726,4.418321,0,0,0,0,91.90503,155.5689
3.3,-23.16979,4.412037,0,0,0,0,91.89331,155.3391
3.31,-23.14046,4.405135,0,0,0,0,91.88024,155.1097
3.32,-23.10954,4.3977,0,0,0,0,91.86271,154.8806
3.33,-23.07725,4.389806,0,0,0,0,91.83867,154.6518
3.34,-23.04379,4.381519,0,0,0,0,91.83004,154.4231
3.35,-23.00934,4.372894,0,0,0,0,91.81577,154.1949
3.36,-22.97404,4.363981,0,0,0,0,91.80381,153.967
3.37,-22.93804,4.354821,0,0,0,0,91.78712,153.7395
3.38,-22.90143,4.345455,0,0,0,0,91.77565,153.5123
3.39,-22.86432,4.335911,0,0,0,0,91.76738,153.2855
3.4,-22.82678,4.326218,0,0,0,0,91.75229,153.0591
3.41,-22.78891,4.316401,0,0,0,0,91.73733,152.8331
3.42,-22.75076,4.30648,0,0,0,0,91.7215,152.6074
3.43,-22.71238,4.296474,0,0,0,0,91.71078,152.382
3.44,-22.67382,4.286399,0,0,0,0,91.69915,152.157
3.45,-22.63513,4.276269,0,0,0,0,91.68459,151.9324
3.46,-22.59641,4.266116,0,0,0,0,91.6731,151.7082
3.47,-22.55766,4.255946,0,0,0,0,91.66367,151.4843
3.48,-22.51888,4.245752,0,0,0,0,91.65527,151.2609
3.49,-22.48008,4.235542,0,0,0,0,91.63092,151.0379
3.5,-22.44128,4.225321,0,0,0,0,91.62259,150.8151
3.51,-22.40251,4.215096,0,0,0,0,91.61729,150.5927
3.52,-22.36377,4.204873,0,0,0,0,91.60401,150.3709
3.53,-22.32507,4.194655,0,0,0,0,91.58975,150.1493
3.54,-22.28644,4.184446,0,0,0,0,91.58049,149.9282
3.55,-22.24788,4.17425,0,0,0,0,91.56425,149.7074
3.56,-22.2094,4.164068,0,0,0,0,91.55201,149.4869
3.57,-22.171,4.153904,0,0,0,0,91.54477,149.2669
3.58,-22.1327,4.14376,0,0,0,0,91.53653,149.0472
3.59,-22.09449,4.133638,0,0,0,0,91.52229,148.828
3.6,-22.05638,4.123539,0,0,0,0,91.50704,148.6091
3.61,-22.01838,4.113464,0,0,0,0,91.4998,148.3906
3.62,-21.98049,4.103415,0,0,0,0,91.48454,148.1725
3.63,-21.94271,4.093392,0,0,0,0,91.47128,147.9547
3.64,-21.90504,4.083396,0,0,0,0,91.46101,147.7373
3.65,-21.86749,4.073429,0,0,0,0,91.44874,147.5202
3.66,-21.83006,4.06349,0,0,0,0,91.43845,147.3035
3.67,-21.79274,4.05358,0,0,0,0,91.42915,147.0872
3.68,-21.75554,4.043699,0,0,0,0,91.41285,146.8713
3.69,-21.71847,4.033849,0,0,0,0,91.40553,146.6557
3.7,-21.68161,4.024061,0,0,0,0,91.3962,146.4405
3.71,-21.64487,4.014304,0,0,0,0,91.38186,146.2257
3.72,-21.60826,4.004577,0,0,0,0,91.37251,146.0113
3.73,-21.57177,3.99488,0,0,0,0,91.35815,145.7972
3.74,-21.5354,3.985214,0,0,0,0,91.35378,145.5834
3.75,-21.49915,3.975578,0,0,0,0,91.33839,145.3701
3.76,-21.46302,3.965973,0,0,0,0,91.31899,145.1571
3.77,-21.42701,3.956398,0,0,0,0,91.31358,144.9443
3.78,-21.39112,3.946853,0,0,0,0,91.29616,144.732
3.79,-21.35536,3.937339,0,0,0,0,91.29373,144.52
3.8,-21.31971,3.927855,0,0,0,0,91.28028,144.3084
3.81,-21.28419,3.918402,0,0,0,0,91.26982,144.0971
3.82,-21.24879,3.908979,0,0,0,0,91.25834,143.8862
3.83,-21.2135,3.899586,0,0,0,0,91.24986,143.6757
3.84,-21.17834,3.890223,0,0,0,0,91.23236,143.4655
3.85,-21.14329,3.88089,0,0,0,0,91.22185,143.2556
3.86,-21.10836,3.871587,0,0,0,0,91.21233,143.0461
3.87,-21.07355,3.862314,0,0,0,0,91.20279,142.8369
3.88,-21.03886,3.853071,0,0,0,0,91.18525,142.6281
3.89,-21.00429,3.843856,0,0,0,0,91.17569,142.4196
3.9,-20.96983,3.834672,0,0,0,0,91.16611,142.2114
3.91,-20.93549,3.825517,0,0,0,0,91.14653,142.0035
3.92,-20.90126,3.816391,0,0,0,0,91.14693,141.7959
3.93,-20.86715,3.807295,0,0,0,0,91.12932,141.5888
3.94,-20.8332,3.798241,0,0,0,0,91.1247,141.3819
3.95,-20.79941,3.789234,0,0,0,0,91.10706,141.1755
3.96,-20.76573,3.780255,0,0,0,0,91.10042,140.9693
3.97,-20.73216,3.771304,0,0,0,0,91.08976,140.7635
3.98,-20.69871,3.762382,0,0,0,0,91.07509,140.558
3.99,-20.66537,3.753488,0,0,0,0,91.06641,140.3528
4,-20.63214,3.744622,0,0,0,0,91.05371,140.1481
4.01,-19.96903,3.51778,0,0,0,0,91.25986,139.9435
4.02,-19.37075,3.313071,0,0,0,0,91.43872,139.7457
4.03,-18.84965,3.134821,0,0,0,0,91.59732,139.5538
4.04,-18.39589,2.979676,0,0,0,0,91.73824,139.3672
4.05,-17.99931,2.844155,0,0,0,0,91.84648,139.1853
4.06,-17.65361,2.726113,0,0,0,0,91.94663,139.0072
4.07,-17.35167,2.623109,0,0,0,0,92.02494,138.8327
4.08,-17.08757,2.533124,0,0,0,0,92.09837,138.6611
4.09,-16.85644,2.454485,0,0,0,0,92.1566,138.4923
4.1,-16.65424,2.385806,0,0,0,0,92.20711,138.3257
4.11,-16.47664,2.325607,0,0,0,0,92.25118,138.1612
4.12,-16.32052,2.272814,0,0,0,0,92.28491,137.9986
4.13,-16.18346,2.226598,0,0,0,0,92.31326,137.8375
4.14,-16.06253,2.185951,0,0,0,0,92.33107,137.6778
4.15,-15.95558,2.150134,0,0,0,0,92.34907,137.5193
4.16,-15.86146,2.118752,0,0,0,0,92.35688,137.3618
4.17,-15.7777,2.090949,0,0,0,0,92.36806,137.2053
4.18,-15.70297,2.066271,0,0,0,0,92.37908,137.0496
4.19,-15.63657,2.044479,0,0,0,0,92.38135,136.8947
4.2,-15.57737,2.025183,0,0,0,0,92.38123,136.7405
4.21,-15.52439,2.008041,0,0,0,0,92.37504,136.5868
4.22,-15.47657,1.992686,0,0,0,0,92.37704,136.4336
4.23,-15.43303,1.978815,0,0,0,0,92.37248,136.281
4.24,-15.39361,1.966378,0,0,0,0,92.36455,136.1288
4.25,-15.35779,1.955185,0,0,0,0,92.35944,135.9769
4.26,-15.32504,1.945062,0,0,0,0,92.35929,135.8255
4.27,-15.29497,1.935867,0,0,0,0,92.34126,135.6745
4.28,-15.26722,1.927478,0,0,0,0,92.32844,135.5236
4.29,-15.24149,1.919789,0,0,0,0,92.31495,135.3729
4.3,-15.2175,1.912708,0,0,0,0,92.30987,135.2225
4.31,-15.19504,1.906156,0,0,0,0,92.29928,135.0724
4.32,-15.17391,1.900064,0,0,0,0,92.28524,134.9225
4.33,-15.15392,1.894372,0,0,0,0,92.28382,134.7728
4.34,-15.13495,1.889028,0,0,0,0,92.26806,134.6234
4.35,-15.11685,1.883988,0,0,0,0,92.25401,134.4742
4.36,-15.09951,1.879212,0,0,0,0,92.24071,134.3251
4.37,-15.08284,1.874667,0,0,0,0,92.21818,134.1762
4.38,-15.06676,1.870322,0,0,0,0,92.21847,134.0274
4.39,-15.05118,1.866153,0,0,0,0,92.19958,133.8788
4.4,-15.03605,1.862138,0,0,0,0,92.18356,133.7304
4.41,-15.02131,1.858256,0,0,0,0,92.1664,133.5821
4.42,-15.00691,1.854491,0,0,0,0,92.15914,133.4339
4.43,-14.99282,1.85083,0,0,0,0,92.15178,133.2859
4.44,-14.97899,1.847258,0,0,0,0,92.13234,133.1381
4.45,-14.9654,1.843765,0,0,0,0,92.11982,131.5244
4.46,-14.95202,1.840342,0,0,0,0,92.10325,131.5396
4.47,-14.93881,1.83698,0,0,0,0,92.09262,131.1664
4.48,-14.92577,1.833672,0,0,0,0,92.07094,131.6169
4.49,-14.91288,1.830411,0,0,0,0,92.06422,131.0679
4.5,-14.90011,1.827192,0,0,0,0,92.04946,130.6435
4.51,-14.88747,1.824011,0,0,0,0,92.03268,130.663
4.52,-14.87492,1.820863,0,0,0,0,92.01987,130.4384
4.53,-14.86247,1.817745,0,0,0,0,92.01003,129.4682
4.54,-14.85011,1.814653,0,0,0,0,91.99117,129.5077
4.55,-14.83782,1.811585,0,0,0,0,91.9803,128.9401
4.56,-14.8256,1.808538,0,0,0,0,91.95941,129.7021
4.57,-14.81345,1.805511,0,0,0,0,91.9525,129.0228
4.58,-14.80136,1.802501,0,0,0,0,91.94059,128.1047
4.59,-14.78932,1.799507,0,0,0,0,91.91866,128.6643
4.6,-14.77738,1.796546,0,0,0,0,91.90373,129.2273
4.61,-14.7655,1.793599,0,0,0,0,91.88979,129.6293
4.62,-14.75366,1.790665,0,0,0,0,91.88084,129.2012
4.63,-14.74186,1.787743,0,0,0,0,91.86189,129.4941
4.64,-14.73011,1.78483,0,0,0,0,91.84993,129.4366
4.65,-14.71839,1.781928,0,0,0,0,91.83196,129.833
4.66,-14.7067,1.779035,0,0,0,0,91.826,129.2131
4.67,-14.69506,1.776151,0,0,0,0,91.80602,129.3264
4.68,-14.68344,1.773276,0,0,0,0,91.79705,128.8845
4.69,-14.67186,1.770408,0,0,0,0,91.78307,128.502
4.7,-14.66031,1.767548,0,0,0,0,91.7661,128.4448
4.71,-14.64879,1.764695,0,0,0,0,91.75412,128.2051
4.72,-14.6373,1.761849,0,0,0,0,91.73813,128.1579
4.73,-14.62584,1.75901,0,0,0,0,91.72415,128.1039
4.74,-14.61441,1.756177,0,0,0,0,91.71417,127.7397
4.75,-14.60301,1.753351,0,0,0,0,91.69718,127.6431
4.76,-14.59163,1.750531,0,0,0,0,91.68019,127.7637
4.77,-14.58028,1.747718,0,0,0,0,91.67421,127.3101
4.78,-14.56896,1.74491,0,0,0,0,91.65222,127.4449
4.79,-14.55766,1.742108,0,0,0,0,91.64323,127.2329
4.8,-14.54639,1.739312,0,0,0,0,91.62524,127.2942
4.81,-14.53515,1.736522,0,0,0,0,91.61325,127.2207
4.82,-14.52393,1.733737,0,0,0,0,91.60126,127.034
4.83,-14.51273,1.730958,0,0,0,0,91.59027,126.6937
4.84,-14.50157,1.728184,0,0,0,0,91.57228,126.6218
4.85,-14.49042,1.725416,0,0,0,0,91.56029,126.4806
4.86,-14.99541,1.912788,0,0,0,0,91.361,126.3395
4.87,-15.44917,2.08156,0,0,0,0,91.18258,126.1933
4.88,-15.8402,2.227453,0,0,0,0,91.02221,126.0425
4.89,-16.17703,2.353558,0,0,0,0,90.888,125.8876
4.9,-16.46563,2.462034,0,0,0,0,90.77146,125.7294
4.91,-16.7134,2.555583,0,0,0,0,90.65743,125.5683
4.92,-16.92533,2.636012,0,0,0,0,90.56202,125.4046
4.93,-17.10603,2.704998,0,0,0,0,90.48758,125.2387
4.94,-17.25966,2.764062,0,0,0,0,90.41267,125.0711
4.95,-17.39001,2.81458,0,0,0,0,90.34706,124.9019
4.96,-17.49979,2.857541,0,0,0,0,90.28166,124.7314
4.97,-17.59178,2.893962,0,0,0,0,90.23952,124.5596
4.98,-17.66854,2.924778,0,0,0,0,90.18682,124.3871
4.99,-17.73186,2.950639,0,0,0,0,90.14386,124.2136
5,-17.78345,2.972178,0,0,0,0,90.108,124.0395
5.01,-17.82528,2.990113,0,0,0,0,90.07672,123.8648
5.02,-17.85819,3.004749,0,0,0,0,90.04754,123.6898
5.03,-17.88337,3.016526,0,0,0,0,90.01806,123.5144
5.04,-17.90213,3.02592,0,0,0,0,89.99091,123.3388
5.05,-17.91527,3.033234,0,0,0,0,89.97381,123.1629
5.06,-17.92354,3.038736,0,0,0,0,89.94446,122.987
5.07,-17.92745,3.042616,0,0,0,0,89.92665,122.8109
5.08,-17.92747,3.045047,0,0,0,0,89.90618,122.6348
5.09,-17.92433,3.046297,0,0,0,0,89.89185,122.4586
5.1,-17.91844,3.04652,0,0,0,0,89.86754,122.2825
5.11,-17.91018,3.04585,0,0,0,0,89.86009,122.1063
5.12,-17.89985,3.044406,0,0,0,0,89.83939,121.9304
5.13,-17.88774,3.04229,0,0,0,0,89.82836,121.7544
5.14,-17.87408,3.039591,0,0,0,0,89.81189,121.5786
5.15,-17.8591,3.036388,0,0,0,0,89.79791,121.403
5.16,-17.84296,3.032748,0,0,0,0,89.78336,121.2274
5.17,-17.82584,3.02873,0,0,0,0,89.77418,121.052
5.18,-17.80787,3.024387,0,0,0,0,89.76532,120.8767
5.19,-17.78916,3.019762,0,0,0,0,89.75474,120.7018
5.2,-17.76984,3.014895,0,0,0,0,89.7464,120.527
5.21,-17.74998,3.00982,0,0,0,0,89.73226,120.3524
5.22,-17.72966,3.004565,0,0,0,0,89.71331,120.178
5.23,-17.70896,2.999158,0,0,0,0,89.70551,120.0036
5.24,-17.68794,2.993622,0,0,0,0,89.69784,119.8295
5.25,-17.6667,2.987995,0,0,0,0,89.68029,119.6557
5.26,-17.64523,2.982273,0,0,0,0,89.67583,119.482
5.27,-17.62357,2.97647,0,0,0,0,89.66546,119.3085
5.28,-17.60175,2.970601,0,0,0,0,89.65817,119.1353
5.29,-17.57981,2.964674,0,0,0,0,89.64793,118.9623
5.3,-17.55777,2.958701,0,0,0,0,89.63875,118.7896
5.31,-17.53564,2.95269,0,0,0,0,89.62561,118.617
5.32,-17.51346,2.946648,0,0,0,0,89.61552,118.4447
5.33,-17.49123,2.94058,0,0,0,0,89.61145,118.2726
5.34,-17.46898,2.934494,0,0,0,0,89.60241,118.1007
5.35,-17.44671,2.928392,0,0,0,0,89.58539,117.9291
5.36,-17.42443,2.92228,0,0,0,0,89.57739,117.7576
5.37,-17.40216,2.916161,0,0,0,0,89.56441,117.5864
5.38,-17.3799,2.910038,0,0,0,0,89.55743,117.4153
5.39,-17.35766,2.903913,0,0,0,0,89.55047,117.2445
5.4,-17.33544,2.89779,0,0,0,0,89.53652,117.074
5.41,-17.31326,2.891669,0,0,0,0,89.52956,116.9036
5.42,-17.29111,2.885554,0,0,0,0,89.51962,116.7334
5.43,-17.26899,2.879445,0,0,0,0,89.50767,116.5635
5.44,-17.24693,2.873343,0,0,0,0,89.49873,116.3938
5.45,-17.2249,2.86725,0,0,0,0,89.49579,116.2242
5.46,-17.20292,2.861167,0,0,0,0,89.47784,116.0551
5.47,-17.181,2.855094,0,0,0,0,89.46989,115.8859
5.48,-17.15912,2.849033,0,0,0,0,89.45694,115.717
5.49,-17.1373,2.842983,0,0,0,0,89.45199,115.5483
5.5,-17.11553,2.836945,0,0,0,0,89.44403,115.3799
5.51,-17.09382,2.830921,0,0,0,0,89.43207,115.2117
5.52,-17.07216,2.82491,0,0,0,0,89.42511,115.0437
5.53,-17.05056,2.818912,0,0,0,0,89.41214,114.8759
5.54,-17.02902,2.812928,0,0,0,0,89.40916,114.7083
5.55,-17.00758,2.806975,0,0,0,0,89.39518,114.541
5.56,-16.98621,2.801039,0,0,0,0,89.38819,114.3739
5.57,-16.9649,2.795118,0,0,0,0,89.3832,114.207
5.58,-16.94364,2.789211,0,0,0,0,89.3692,114.0404
5.59,-16.92244,2.783318,0,0,0,0,89.36219,113.8739
5.6,-16.90131,2.777441,0,0,0,0,89.34918,113.7076
5.61,-16.88023,2.771577,0,0,0,0,89.33816,113.5415
5.62,-16.85921,2.765729,0,0,0,0,89.32714,113.3756
5.63,-16.83826,2.759895,0,0,0,0,89.32011,113.2099
5.64,-16.81736,2.754075,0,0,0,0,89.31507,113.0444
5.65,-16.79652,2.748271,0,0,0,0,89.30503,112.8791
5.66,-16.77574,2.742481,0,0,0,0,89.28998,112.7141
5.67,-16.75502,2.736707,0,0,0,0,89.28292,112.5492
5.68,-16.73436,2.730947,0,0,0,0,89.27085,112.3845
5.69,-16.71375,2.725201,0,0,0,0,89.26578,112.22
5.7,-16.69321,2.71947,0,0,0,0,89.2587,112.0558
5.71,-16.67273,2.713754,0,0,0,0,89.24462,111.8917
5.72,-16.6523,2.708053,0,0,0,0,89.22953,111.7279
5.73,-16.63193,2.702366,0,0,0,0,89.23043,111.5641
5.74,-16.61162,2.696694,0,0,0,0,89.22933,111.4007
5.75,-16.59137,2.691037,0,0,0,0,89.21221,111.2376
5.76,-16.57118,2.685394,0,0,0,0,89.2021,111.0745
5.77,-16.55105,2.679765,0,0,0,0,89.19297,110.9117
5.78,-16.53097,2.674151,0,0,0,0,89.18584,110.749
5.79,-16.51095,2.668551,0,0,0,0,89.1797,110.5866
5.8,-16.49099,2.662966,0,0,0,0,89.16856,110.4244
5.81,-16.47108,2.657395,0,0,0,0,89.1544,110.2624
5.82,-16.45124,2.651839,0,0,0,0,89.14624,110.1005
5.83,-16.43144,2.646296,0,0,0,0,89.13808,109.9389
5.84,-16.41171,2.640768,0,0,0,0,89.12591,109.7774
5.85,-16.39203,2.635253,0,0,0,0,89.12273,109.6161
5.86,-15.98613,2.475118,0,0,0,0,89.25496,109.455
5.87,-15.61973,2.330524,0,0,0,0,89.37996,109.2981
5.88,-15.30055,2.20461,0,0,0,0,89.47844,109.145
5.89,-15.0226,2.095017,0,0,0,0,89.57275,108.9951
5.9,-14.77964,1.999289,0,0,0,0,89.6369,108.848
5.91,-14.56783,1.915917,0,0,0,0,89.71262,108.7034
5.92,-14.38282,1.843179,0,0,0,0,89.75641,108.561
5.93,-14.22099,1.77965,0,0,0,0,89.80358,108.4204
5.94,-14.07935,1.724147,0,0,0,0,89.84426,108.2815
5.95,-13.95542,1.675694,0,0,0,0,89.87144,108.1441
5.96,-13.84657,1.633243,0,0,0,0,89.90296,108.0078
5.97,-13.75088,1.596034,0,0,0,0,89.92457,107.8728
5.98,-13.66686,1.563482,0,0,0,0,89.94291,107.7388
5.99,-13.59272,1.534875,0,0,0,0,89.95054,107.6056
6,-13.52714,1.509687,0,0,0,0,89.96295,107.4732
6.01,-13.46942,1.487642,0,0,0,0,89.96956,107.3414
6.02,-13.41804,1.468131,0,0,0,0,89.97573,107.2102
6.03,-13.37219,1.450833,0,0,0,0,89.97779,107.0796
6.04,-13.33144,1.43558,0,0,0,0,89.97301,106.9494
6.05,-13.2951,1.422094,0,0,0,0,89.98064,106.8195
6.06,-13.26256,1.410134,0,0,0,0,89.97187,106.6902
6.07,-13.23317,1.399439,0,0,0,0,89.9669,106.5611
6.08,-13.2064,1.389794,0,0,0,0,89.96188,106.4322
6.09,-13.18214,1.381158,0,0,0,0,89.96294,106.3037
6.1,-13.16002,1.373377,0,0,0,0,89.95322,106.1755
6.11,-13.13976,1.366348,0,0,0,0,89.9558,106.0474
6.12,-13.12113,1.359977,0,0,0,0,89.93979,105.9197
6.13,-13.10393,1.354177,0,0,0,0,89.93225,105.792
6.14,-13.08796,1.348872,0,0,0,0,89.92526,105.6645
6.15,-13.07306,1.343999,0,0,0,0,89.91288,105.5372
6.16,-13.05909,1.339499,0,0,0,0,89.90616,105.41
6.17,-13.04592,1.335325,0,0,0,0,89.89314,105.2829
6.18,-13.03347,1.331434,0,0,0,0,89.89186,105.1559
6.19,-13.02163,1.327789,0,0,0,0,89.88036,105.0292
6.2,-13.01032,1.324359,0,0,0,0,89.86566,104.9025
6.21,-12.99948,1.321115,0,0,0,0,89.8598,104.7759
6.22,-12.98904,1.318034,0,0,0,0,89.84878,104.6495
6.23,-12.97896,1.315095,0,0,0,0,89.84364,104.5231
6.24,-12.96919,1.312279,0,0,0,0,89.83339,104.3969
6.25,-12.9597,1.309571,0,0,0,0,89.82104,104.2708
6.26,-12.95047,1.306969,0,0,0,0,89.8106,104.1448
6.27,-12.94145,1.304452,0,0,0,0,89.80109,104.0188
6.28,-12.93262,1.302007,0,0,0,0,89.78552,103.893
6.29,-12.92395,1.299625,0,0,0,0,89.77889,103.7672
6.3,-12.91542,1.297298,0,0,0,0,89.76622,104.3474
6.31,-12.90702,1.29502,0,0,0,0,89.7595,103.9165
6.32,-12.89872,1.292783,0,0,0,0,89.74575,103.8475
6.33,-12.89053,1.290584,0,0,0,0,89.74096,103.3554
6.34,-12.88242,1.288418,0,0,0,0,89.72515,103.2971
6.35,-12.8744,1.286281,0,0,0,0,89.71831,102.9134
6.36,-12.86644,1.284169,0,0,0,0,89.70346,102.9156
6.37,-12.85854,1.28208,0,0,0,0,89.68858,103.3016
6.38,-12.8507,1.280011,0,0,0,0,89.68369,103.0327
6.39,-12.84291,1.27796,0,0,0,0,89.67079,103.0114
6.4,-12.83517,1.275924,0,0,0,0,89.65687,103.343
6.41,-12.82747,1.273904,0,0,0,0,89.65094,103.0438
6.42,-12.81981,1.271895,0,0,0,0,89.64101,102.6656
6.43,-12.81219,1.269899,0,0,0,0,89.62807,102.5935
6.44,-12.80459,1.267912,0,0,0,0,89.62312,101.8041
6.45,-12.79703,1.265935,0,0,0,0,89.60516,102.006
6.46,-12.7895,1.263967,0,0,0,0,89.5942,102.1921
6.47,-12.78199,1.262006,0,0,0,0,89.58723,101.8917
6.48,-12.77451,1.260053,0,0,0,0,89.57726,101.5423
6.49,-12.76705,1.258106,0,0,0,0,89.56429,101.4935
6.5,-12.75961,1.256166,0,0,0,0,89.55432,101.3628
6.51,-12.7522,1.254231,0,0,0,0,89.54134,101.4826
6.52,-12.7448,1.252302,0,0,0,0,89.54036,100.5913
6.53,-12.73743,1.250378,0,0,0,0,89.52938,99.8725
6.54,-12.73008,1.248459,0,0,0,0,89.50839,100.2364
6.55,-12.72274,1.246544,0,0,0,0,89.50841,99.57212
6.56,-12.71542,1.244633,0,0,0,0,89.48942,99.73764
6.57,-12.70812,1.242727,0,0,0,0,89.48043,99.73463
6.58,-12.70084,1.240825,0,0,0,0,89.47244,99.51369
6.59,-12.69357,1.238926,0,0,0,0,89.45946,99.50781
6.6,-12.68633,1.237031,0,0,0,0,89.45446,99.0742
6.61,-12.67909,1.23514,0,0,0,0,89.44347,98.73055
6.62,-12.67187,1.233253,0,0,0,0,89.42448,99.02856
6.63,-12.66467,1.231368,0,0,0,0,89.41549,99.17197
6.64,-12.65749,1.229488,0,0,0,0,89.4065,99.18605
6.65,-12.65032,1.22761,0,0,0,0,89.39951,98.96235
6.66,-12.64316,1.225736,0,0,0,0,89.38651,98.91813
6.67,-12.63602,1.223865,0,0,0,0,89.37952,98.6573
6.68,-12.62892,1.222007,0,0,0,0,89.36753,98.51443
6.69,-12.62184,1.220156,0,0,0,0,89.35353,98.59029
6.7,-12.61478,1.218308,0,0,0,0,89.34754,98.46377
6.71,-12.9199,1.351871,0,0,0,0,89.2131,98.33734
6.72,-13.19405,1.47225,0,0,0,0,89.09354,98.20771
6.73,-13.43023,1.57637,0,0,0,0,88.99359,98.07524
6.74,-13.63361,1.666431,0,0,0,0,88.89236,97.94039
6.75,-13.80782,1.743966,0,0,0,0,88.81019,97.80328
6.76,-13.95735,1.810898,0,0,0,0,88.74563,97.66435
6.77,-14.08521,1.86851,0,0,0,0,88.67643,97.52397
6.78,-14.1942,1.917994,0,0,0,0,88.6245,97.38216
6.79,-14.28683,1.960429,0,0,0,0,88.57589,97.23928
6.8,-14.36538,1.996784,0,0,0,0,88.52977,97.09542
6.81,-14.43149,2.027762,0,0,0,0,88.48942,96.95073
6.82,-14.48685,2.054092,0,0,0,0,88.45521,96.80534
6.83,-14.53301,2.076439,0,0,0,0,88.42762,96.65939
6.84,-14.57106,2.095263,0,0,0,0,88.39315,96.51302
6.85,-14.60203,2.111014,0,0,0,0,88.3714,96.36614
6.86,-14.6271,2.124202,0,0,0,0,88.34402,96.21899
6.87,-14.64679,2.135043,0,0,0,0,88.32669,96.0715
6.88,-14.66181,2.143849,0,0,0,0,88.30315,95.92388
6.89,-14.67294,2.150958,0,0,0,0,88.29015,95.77603
6.9,-14.6807,2.156587,0,0,0,0,88.2705,95.62813
6.91,-14.6855,2.160924,0,0,0,0,88.26002,95.48009
6.92,-14.68768,2.164105,0,0,0,0,88.24156,95.33209
6.93,-14.6875,2.166252,0,0,0,0,88.22998,95.18401
6.94,-14.68542,2.167557,0,0,0,0,88.21816,95.03592
6.95,-14.68167,2.168127,0,0,0,0,88.203,94.88788
6.96,-14.67649,2.16806,0,0,0,0,88.18942,94.73979
6.97,-14.67006,2.167439,0,0,0,0,88.17935,94.59175
6.98,-14.66255,2.166336,0,0,0,0,88.1657,94.44376
6.99,-14.65411,2.164816,0,0,0,0,88.15243,94.29581
7,-14.64486,2.162934,0,0,0,0,88.14949,94.14786
7.01,-14.63492,2.160737,0,0,0,0,88.14083,94.00015
7.02,-14.62437,2.158269,0,0,0,0,88.13142,93.85253
7.03,-14.61331,2.155566,0,0,0,0,88.12022,93.705
7.04,-14.60181,2.152659,0,0,0,0,88.1112,93.55756
7.05,-14.58994,2.149584,0,0,0,0,88.10735,93.41022
7.06,-14.57777,2.146366,0,0,0,0,88.09663,93.26306
7.07,-14.56532,2.143018,0,0,0,0,88.09202,93.116
7.08,-14.55263,2.139557,0,0,0,0,88.08153,92.96912
7.09,-14.53975,2.136,0,0,0,0,88.07512,92.82229
7.1,-14.52669,2.13236,0,0,0,0,88.05878,92.67564
7.11,-14.51349,2.12865,0,0,0,0,88.05352,92.52899
7.12,-14.50018,2.12488,0,0,0,0,88.04931,92.38253
7.13,-14.48677,2.121058,0,0,0,0,88.04415,92.23626
7.14,-14.47327,2.117194,0,0,0,0,88.02603,92.09013
7.15,-14.45972,2.113293,0,0,0,0,88.02394,91.94399
7.16,-14.44611,2.109362,0,0,0,0,88.02189,91.79804
7.17,-14.43246,2.105406,0,0,0,0,88.00886,91.65233
7.18,-14.41879,2.101429,0,0,0,0,87.99885,91.50666
7.19,-14.40509,2.097436,0,0,0,0,87.98886,91.36108
7.2,-14.39138,2.093429,0,0,0,0,87.98489,91.2156
7.21,-14.37766,2.089412,0,0,0,0,87.97893,91.07034
7.22,-14.36395,2.085387,0,0,0,0,87.97098,90.92523
7.23,-14.35024,2.081357,0,0,0,0,87.96204,90.78026
7.24,-14.33653,2.077322,0,0,0,0,87.9551,90.63538
7.25,-14.32284,2.073286,0,0,0,0,87.95017,90.49064
7.26,-14.30916,2.069249,0,0,0,0,87.94325,90.34608
7.27,-14.2955,2.065213,0,0,0,0,87.92833,90.20167
7.28,-14.28187,2.061178,0,0,0,0,87.9274,90.05725
7.29,-14.26825,2.057147,0,0,0,0,87.91649,89.91307
7.3,-14.25466,2.053119,0,0,0,0,87.91257,89.76898
7.31,-14.24109,2.049094,0,0,0,0,87.90165,89.62508
7.32,-14.22756,2.045075,0,0,0,0,87.90073,89.48127
7.33,-14.21405,2.041062,0,0,0,0,87.89281,89.33764
7.34,-14.20057,2.037054,0,0,0,0,87.87988,89.19416
7.35,-14.18711,2.033052,0,0,0,0,87.87296,89.05072
7.36,-14.17369,2.029057,0,0,0,0,87.87303,88.90742
7.37,-14.16031,2.025068,0,0,0,0,87.8631,88.76435
7.38,-14.14695,2.021087,0,0,0,0,87.84717,88.62138
7.39,-14.13362,2.017113,0,0,0,0,87.84723,88.4784
7.4,-14.12033,2.013146,0,0,0,0,87.84029,88.33571
7.41,-14.10707,2.009187,0,0,0,0,87.82835,88.19311
7.42,-14.09386,2.005243,0,0,0,0,87.82041,88.0506
7.43,-14.0807,2.001315,0,0,0,0,87.81846,87.90818
7.44,-14.06757,1.997394,0,0,0,0,87.8065,87.766
7.45,-14.05447,1.993482,0,0,0,0,87.80455,87.62386
7.46,-14.04141,1.989577,0,0,0,0,87.79559,87.48191
7.47,-14.02838,1.985681,0,0,0,0,87.78362,87.34009
7.48,-14.01539,1.981792,0,0,0,0,87.78366,87.19833
7.49,-14.00243,1.977912,0,0,0,0,87.77168,87.0568
7.5,-13.9895,1.97404,0,0,0,0,87.76571,86.91531
7.51,-13.97661,1.970176,0,0,0,0,87.76573,86.77396
7.52,-13.96375,1.96632,0,0,0,0,87.75275,86.63285
7.53,-13.95092,1.962473,0,0,0,0,87.74576,86.49178
7.54,-13.93813,1.958634,0,0,0,0,87.74177,86.35085
7.55,-13.92537,1.954802,0,0,0,0,87.73577,86.21006
7.56,-13.91264,1.95098,0,0,0,0,87.72377,86.06941
7.57,-13.89995,1.947165,0,0,0,0,87.71577,85.92881
7.58,-13.88729,1.943358,0,0,0,0,87.70876,85.78834
7.59,-13.87466,1.93956,0,0,0,0,87.70575,85.64797
7.6,-13.86206,1.935769,0,0,0,0,87.69673,85.50778
7.61,-13.8495,1.931987,0,0,0,0,87.69071,85.36769
7.62,-13.83698,1.928213,0,0,0,0,87.68669,85.22779
7.63,-13.82448,1.924448,0,0,0,0,87.67966,85.08802
7.64,-13.81202,1.92069,0,0,0,0,87.66663,84.94839
7.65,-13.79959,1.91694,0,0,0,0,87.65959,84.80876
7.66,-13.78719,1.913198,0,0,0,0,87.65755,84.66927
7.67,-13.77483,1.909465,0,0,0,0,87.64951,84.52997
7.68,-13.7625,1.905739,0,0,0,0,87.64346,84.39076
7.69,-13.7502,1.902022,0,0,0,0,87.63541,84.25169
7.7,-13.73793,1.898312,0,0,0,0,87.62235,84.11276
7.71,-13.49492,1.783143,0,0,0,0,87.71325,83.97383
7.72,-13.27546,1.679091,0,0,0,0,87.79277,83.8375
7.73,-13.08424,1.58847,0,0,0,0,87.86077,83.7035
7.74,-12.91766,1.509587,0,0,0,0,87.91878,83.57154
7.75,-12.77202,1.440677,0,0,0,0,87.96712,83.44135
7.76,-12.64502,1.380659,0,0,0,0,88.00694,83.31269
7.77,-12.53403,1.328294,0,0,0,0,88.04423,83.18533
7.78,-12.4369,1.282556,0,0,0,0,88.07283,83.05918
7.79,-12.35185,1.242598,0,0,0,0,88.0955,82.93405
7.8,-12.27739,1.207715,0,0,0,0,88.11489,82.80981
7.81,-12.21194,1.177154,0,0,0,0,88.12756,82.68631
7.82,-12.15437,1.150379,0,0,0,0,88.148,82.56346
7.83,-12.10378,1.126958,0,0,0,0,88.15862,82.44135
7.84,-12.05909,1.106379,0,0,0,0,88.16381,82.31976
7.85,-12.01952,1.088261,0,0,0,0,88.16488,82.19863
7.86,-11.98464,1.072407,0,0,0,0,88.1721,82.07782
7.87,-11.95354,1.058379,0,0,0,0,88.16872,81.95744
7.88,-11.92574,1.045943,0,0,0,0,88.17395,81.83733
7.89,-11.90099,1.034981,0,0,0,0,88.17397,81.71755
7.9,-11.87887,1.025291,0,0,0,0,88.17495,81.59804
7.91,-11.85901,1.0167,0,0,0,0,88.173,81.47882
7.92,-11.84104,1.00902,0,0,0,0,88.16827,81.35978
7.93,-11.82462,1.002096,0,0,0,0,88.15785,81.24093
7.94,-11.80971,0.9958976,0,0,0,0,88.15982,81.12217
7.95,-11.79609,0.9903289,0,0,0,0,88.14928,81.00364
7.96,-11.78359,0.9853057,0,0,0,0,88.14329,80.88516
7.97,-11.77206,0.9807557,0,0,0,0,88.1499,80.76681
7.98,-11.76138,0.9766164,0,0,0,0,88.13417,80.64875
7.99,-11.75144,0.9728336,0,0,0,0,88.12714,80.53064
8,-11.74213,0.9693604,0,0,0,0,88.12286,80.41263
8.01,-11.73337,0.9661564,0,0,0,0,88.11235,80.29475
8.02,-11.7251,0.9631862,0,0,0,0,88.10864,80.17692
8.03,-11.71724,0.9604195,0,0,0,0,88.09977,80.05923
8.04,-11.70975,0.9578295,0,0,0,0,88.09175,79.94158
8.05,-11.70258,0.9553935,0,0,0,0,88.0836,79.82403
8.06,-11.69568,0.9530915,0,0,0,0,88.07734,79.70653
8.07,-11.68903,0.9509062,0,0,0,0,88.06599,79.58911
8.08,-11.68259,0.9488224,0,0,0,0,88.06455,79.4717
8.09,-11.67634,0.9468272,0,0,0,0,88.05204,79.35447
8.1,-11.67024,0.9449093,0,0,0,0,88.04446,79.2372
8.11,-11.66429,0.9430589,0,0,0,0,88.03583,79.12002
8.12,-11.65846,0.9412671,0,0,0,0,88.02915,79.00284
8.13,-11.65274,0.9395268,0,0,0,0,88.02743,78.88575
8.14,-11.64712,0.9378312,0,0,0,0,88.01568,78.76885
8.15,-11.64158,0.9361751,0,0,0,0,87.99989,79.78917
8.16,-11.63612,0.9345533,0,0,0,0,87.99607,79.34603
8.17,-11.63072,0.9329617,0,0,0,0,87.98923,78.99385
8.18,-11.62538,0.9313965,0,0,0,0,87.97937,78.82562
8.19,-11.6201,0.9298545,0,0,0,0,87.9725,78.56892
8.2,-11.61486,0.928333,0,0,0,0,87.9636,78.38505
8.21,-11.60966,0.9268296,0,0,0,0,87.9607,77.74297
8.22,-11.6045,0.925342,0,0,0,0,87.94778,77.6052
8.23,-11.59938,0.9238685,0,0,0,0,87.93785,77.65605
8.24,-11.59429,0.9224075,0,0,0,0,87.93391,77.23233
8.25,-11.58922,0.9209575,0,0,0,0,87.92097,77.39874
8.26,-11.58418,0.9195175,0,0,0,0,87.91802,76.92219
8.27,-11.57917,0.9180862,0,0,0,0,87.91306,76.11328
8.28,-11.57417,0.9166628,0,0,0,0,87.9021,75.76266
8.29,-11.56922,0.9152561,0,0,0,0,87.89513,75.32351
8.3,-11.56428,0.913858,0,0,0,0,87.88616,75.06209
8.31,-11.55937,0.9124658,0,0,0,0,87.87619,75.07305
8.32,-11.55447,0.9110787,0,0,0,0,87.87321,74.48552
8.33,-11.54959,0.9096964,0,0,0,0,87.85623,75.02432
8.34,-11.54472,0.9083185,0,0,0,0,87.86225,73.90426
8.35,-11.53986,0.9069447,0,0,0,0,87.84526,73.94509
8.36,-11.53502,0.9055747,0,0,0,0,87.83928,73.77075
8.37,-11.53019,0.904208,0,0,0,0,87.82729,74.03064
8.38,-11.52538,0.9028446,0,0,0,0,87.8173,74.44013
8.39,-11.52057,0.9014844,0,0,0,0,87.80731,74.96536
8.4,-11.51578,0.9001271,0,0,0,0,87.80932,74.4955
8.41,-11.511,0.8987725,0,0,0,0,87.79233,74.87926
8.42,-11.50623,0.8974203,0,0,0,0,87.78734,74.94434
8.43,-11.50147,0.8960707,0,0,0,0,87.78035,74.91199
8.44,-11.49672,0.8947236,0,0,0,0,87.77036,75.03437
8.45,-11.49199,0.8933787,0,0,0,0,87.76636,74.8305
8.46,-11.48726,0.892036,0,0,0,0,87.75737,74.72511
8.47,-11.48254,0.8906955,0,0,0,0,87.74738,74.77177
8.48,-11.47783,0.8893572,0,0,0,0,87.74338,74.53356
8.49,-11.47314,0.8880208,0,0,0,0,87.73139,74.59155
8.5,-11.46845,0.8866865,0,0,0,0,87.72439,74.57448
8.51,-11.46377,0.885354,0,0,0,0,87.7214,74.24212
8.52,-11.4591,0.8840236,0,0,0,0,87.7114,74.07481
8.53,-11.45444,0.882695,0,0,0,0,87.70441,73.86923
8.54,-11.44979,0.8813683,0,0,0,0,87.69941,73.51389
8.55,-11.44515,0.8800435,0,0,0,0,87.68842,73.38977
8.56,-11.6221,0.976176,0,0,0,0,87.60131,73.26566
8.57,-11.78097,1.062843,0,0,0,0,87.52389,73.13959
8.58,-11.91768,1.13782,0,0,0,0,87.4569,73.0118
8.59,-12.03526,1.20269,0,0,0,0,87.38912,72.88258
8.6,-12.13585,1.258558,0,0,0,0,87.34047,72.75196
8.61,-12.22205,1.306805,0,0,0,0,87.29001,72.62031
8.62,-12.29563,1.348356,0,0,0,0,87.25394,72.48764
8.63,-12.35822,1.384066,0,0,0,0,87.21755,72.35428
8.64,-12.41131,1.414711,0,0,0,0,87.18523,72.22022
8.65,-12.45619,1.440988,0,0,0,0,87.14944,72.0856
8.66,-12.49384,1.463401,0,0,0,0,87.12472,71.95038
8.67,-12.52525,1.482473,0,0,0,0,87.10567,71.81478
8.68,-12.55131,1.498684,0,0,0,0,87.08194,71.67891
8.69,-12.57266,1.512363,0,0,0,0,87.06022,71.54271
8.7,-12.5899,1.523833,0,0,0,0,87.04325,71.40623
8.71,-12.60371,1.533461,0,0,0,0,87.0288,71.26957
8.72,-12.6144,1.541401,0,0,0,0,87.01567,71.13277
8.73,-12.62238,1.547878,0,0,0,0,86.99868,70.99587
8.74,-12.62811,1.553135,0,0,0,0,86.98469,70.85883
8.75,-12.63188,1.557326,0,0,0,0,86.97556,70.7217
8.76,-12.63396,1.560601,0,0,0,0,86.96519,70.58453
8.77,-12.63452,1.563044,0,0,0,0,86.95446,70.44735
8.78,-12.63371,1.564743,0,0,0,0,86.9473,70.31013
8.79,-12.6318,1.565835,0,0,0,0,86.94363,70.17296
8.8,-12.62894,1.566398,0,0,0,0,86.93039,70.03588
8.81,-12.62523,1.566501,0,0,0,0,86.91451,69.89875
8.82,-12.62081,1.566205,0,0,0,0,86.90996,69.76153
8.83,-12.61576,1.565561,0,0,0,0,86.89768,69.6244
8.84,-12.61017,1.564615,0,0,0,0,86.89265,69.48727
8.85,-12.60412,1.563408,0,0,0,0,86.89182,69.35023
8.86,-12.59767,1.561973,0,0,0,0,86.88618,69.21334
8.87,-12.59087,1.560342,0,0,0,0,86.88169,69.07653
8.88,-12.58377,1.55854,0,0,0,0,86.86534,68.93982
8.89,-12.57641,1.55659,0,0,0,0,86.86411,68.80302
8.9,-12.56884,1.554513,0,0,0,0,86.85297,68.66636
8.91,-12.56108,1.552325,0,0,0,0,86.85293,68.52969
8.92,-12.55316,1.550043,0,0,0,0,86.84596,68.39322
8.93,-12.5451,1.547678,0,0,0,0,86.83506,68.25678
8.94,-12.53693,1.545243,0,0,0,0,86.82322,68.12035
8.95,-12.52867,1.542747,0,0,0,0,86.82342,67.98392
8.96,-12.52032,1.540199,0,0,0,0,86.81467,67.84768
8.97,-12.51191,1.537606,0,0,0,0,86.80895,67.71148
8.98,-12.50344,1.534976,0,0,0,0,86.80526,67.57537
8.99,-12.49492,1.532313,0,0,0,0,86.7956,67.43936
9,-12.48637,1.529623,0,0,0,0,86.79897,67.30339
9.01,-12.47779,1.526909,0,0,0,0,86.78735,67.16766
9.02,-12.46919,1.524177,0,0,0,0,86.78075,67.03192
9.03,-12.46057,1.521428,0,0,0,0,86.77716,66.89624
9.04,-12.45195,1.518667,0,0,0,0,86.76658,66.76064
9.05,-12.44331,1.515894,0,0,0,0,86.76901,66.62509
9.06,-12.43467,1.513112,0,0,0,0,86.75846,66.48973
9.07,-12.42604,1.510324,0,0,0,0,86.7559,66.35437
9.08,-12.41741,1.507531,0,0,0,0,86.74836,66.21915
9.09,-12.40878,1.504733,0,0,0,0,86.73782,66.08397
9.1,-12.40016,1.501934,0,0,0,0,86.73428,65.94884
9.11,-12.39155,1.499132,0,0,0,0,86.73274,65.8138
9.12,-12.38295,1.49633,0,0,0,0,86.72921,65.6789
9.13,-12.37437,1.493528,0,0,0,0,86.72167,65.54415
9.14,-12.3658,1.490727,0,0,0,0,86.71714,65.40943
9.15,-12.35724,1.487927,0,0,0,0,86.70661,65.27482
9.16,-12.3487,1.485129,0,0,0,0,86.70908,65.1402
9.17,-12.34018,1.482333,0,0,0,0,86.70554,65.00581
9.18,-12.33167,1.47954,0,0,0,0,86.69701,64.87152
9.19,-12.32319,1.476751,0,0,0,0,86.68347,64.73727
9.2,-12.31473,1.473974,0,0,0,0,86.68394,64.60298
9.21,-12.3063,1.471204,0,0,0,0,86.6784,64.46887
9.22,-12.29789,1.468437,0,0,0,0,86.66986,64.33481
9.23,-12.2895,1.465675,0,0,0,0,86.66532,64.20079
9.24,-12.28113,1.462917,0,0,0,0,86.65878,64.06692
9.25,-12.27278,1.460163,0,0,0,0,86.65623,63.93309
9.26,-12.26445,1.457413,0,0,0,0,86.64969,63.79936
9.27,-12.25614,1.454668,0,0,0,0,86.64614,63.66571
9.28,-12.24784,1.451927,0,0,0,0,86.63958,63.53216
9.29,-12.23957,1.449191,0,0,0,0,86.63403,63.39866
9.3,-12.23132,1.44646,0,0,0,0,86.62947,63.26525
9.31,-12.22309,1.443733,0,0,0,0,86.62191,63.13193
9.32,-12.21488,1.441011,0,0,0,0,86.61235,62.99866
9.33,-12.20669,1.438294,0,0,0,0,86.61379,62.86544
9.34,-12.19852,1.435582,0,0,0,0,86.60622,62.7324
9.35,-12.19037,1.432875,0,0,0,0,86.60165,62.59936
9.36,-12.18225,1.430172,0,0,0,0,86.59908,62.46646
9.37,-12.17414,1.427475,0,0,0,0,86.58951,62.33366
9.38,-12.16605,1.424782,0,0,0,0,86.58193,62.20085
9.39,-12.15798,1.422094,0,0,0,0,86.57435,62.06809
9.4,-12.14994,1.419411,0,0,0,0,86.57277,61.93538
9.41,-12.14191,1.416734,0,0,0,0,86.57318,61.8028
9.42,-12.13391,1.414061,0,0,0,0,86.5646,61.67042
9.43,-12.12592,1.411393,0,0,0,0,86.56201,61.53803
9.44,-12.11796,1.40873,0,0,0,0,86.55941,61.40578
9.45,-12.11001,1.406072,0,0,0,0,86.54782,61.27362
9.46,-12.10209,1.403418,0,0,0,0,86.54622,61.14147
9.47,-12.09418,1.40077,0,0,0,0,86.54362,61.00945
9.48,-12.0863,1.398127,0,0,0,0,86.53002,60.87753
9.49,-12.07844,1.395489,0,0,0,0,86.52541,60.74556
9.5,-12.07059,1.392855,0,0,0,0,86.5218,60.61368
9.51,-12.06277,1.390227,0,0,0,0,86.51819,60.4819
9.52,-12.05497,1.387603,0,0,0,0,86.50958,60.35026
9.53,-12.04719,1.384984,0,0,0,0,86.50596,60.21861
9.54,-12.03942,1.38237,0,0,0,0,86.49534,60.08706
9.55,-12.03168,1.379761,0,0,0,0,86.49272,59.95551
9.56,-11.89394,1.296528,0,0,0,0,86.55252,59.82405
9.57,-11.76952,1.2213,0,0,0,0,86.60541,59.69422
9.58,-11.66107,1.155773,0,0,0,0,86.64006,59.56583
9.59,-11.56656,1.098726,0,0,0,0,86.68245,59.43856
9.6,-11.4839,1.048887,0,0,0,0,86.70538,59.31244
9.61,-11.41176,1.005473,0,0,0,0,86.72759,59.18716
9.62,-11.34869,0.9675912,0,0,0,0,86.7537,59.06263
9.63,-11.29344,0.9345003,0,0,0,0,86.76524,58.93889
9.64,-11.24502,0.9055871,0,0,0,0,86.78969,58.81566
9.65,-11.20258,0.8803429,0,0,0,0,86.79145,58.69312
9.66,-11.16522,0.8582226,0,0,0,0,86.80288,58.57091
9.67,-11.13231,0.8388411,0,0,0,0,86.81028,58.44917
9.68,-11.10335,0.8218864,0,0,0,0,86.81092,58.32779
9.69,-11.07771,0.8069852,0,0,0,0,86.82203,58.20665
9.7,-11.05495,0.7938643,0,0,0,0,86.82081,58.08593
9.71,-11.03484,0.7823796,0,0,0,0,86.82944,57.9654
9.72,-11.01686,0.7722144,0,0,0,0,86.82006,57.84518
9.73,-11.00073,0.7632013,0,0,0,0,86.82282,57.72502
9.74,-10.98633,0.7552532,0,0,0,0,86.81782,57.60509
9.75,-10.9734,0.7482242,0,0,0,0,86.81716,57.48525
9.76,-10.96174,0.7419892,0,0,0,0,86.81694,57.3656
9.77,-10.95115,0.7364129,0,0,0,0,86.81322,57.24608
9.78,-10.94143,0.7313832,0,0,0,0,86.80806,57.12666
9.79,-10.93255,0.7268781,0,0,0,0,86.80854,57.00733
9.8,-10.9244,0.7228279,0,0,0,0,86.81169,56.88814
9.81,-10.91688,0.7191715,0,0,0,0,86.79756,56.76914
9.82,-10.90991,0.7158571,0,0,0,0,86.79418,56.65009
9.83,-10.90341,0.7128393,0,0,0,0,86.78459,56.53114
9.84,-10.89733,0.7100791,0,0,0,0,86.78881,56.41218
9.85,-10.8916,0.7075425,0,0,0,0,86.77788,56.29341
9.86,-10.88619,0.7052001,0,0,0,0,86.7718,56.17459
9.87,-10.88104,0.7030267,0,0,0,0,86.76461,56.05582
9.88,-10.87613,0.7010001,0,0,0,0,86.7663,55.9371
9.89,-10.87143,0.699101,0,0,0,0,86.75891,55.81851
9.9,-10.8669,0.6973133,0,0,0,0,86.74644,55.69998
9.91,-10.86253,0.6956221,0,0,0,0,86.7519,55.58135
9.92,-10.8583,0.694015,0,0,0,0,86.7393,55.46295
9.93,-10.85418,0.6924813,0,0,0,0,86.73364,55.3445
9.94,-10.85017,0.6910115,0,0,0,0,86.72795,55.22606
9.95,-10.84625,0.6895974,0,0,0,0,86.72521,55.10766
9.96,-10.84242,0.6882318,0,0,0,0,86.71644,54.98935
9.97,-10.83865,0.6869086,0,0,0,0,86.71364,54.87105
9.98,-10.83494,0.6856224,0,0,0,0,86.70981,54.75284
9.99,-10.83129,0.6843686,0,0,0,0,86.70296,54.63467
10,-10.82769,0.6831431,0,0,0,0,86.69709,57.61395
10.01,-10.82413,0.6819423,0,0,0,0,86.6912,57.51728
10.02,-10.82061,0.6807632,0,0,0,0,86.6853,57.41335
10.03,-10.81713,0.6796031,0,0,0,0,86.67239,57.77452
10.04,-10.81367,0.6784597,0,0,0,0,86.67047,57.74951
10.05,-10.81024,0.6773311,0,0,0,0,86.66553,57.62859
10.06,-10.80684,0.6762153,0,0,0,0,86.66459,57.06374
10.07,-10.80346,0.675111,0,0,0,0,86.64964,57.40157
10.08,-10.80009,0.6740168,0,0,0,0,86.64869,57.18102
10.09,-10.79675,0.6729314,0,0,0,0,86.64173,57.08051
10.1,-10.79343,0.6718541,0,0,0,0,86.63776,56.75128
10.11,-10.79012,0.6707839,0,0,0,0,86.63279,56.33379
10.12,-10.78682,0.6697199,0,0,0,0,86.62782,55.8433
10.13,-10.78354,0.6686616,0,0,0,0,86.61784,55.91135
10.14,-10.78027,0.6676083,0,0,0,0,86.61186,55.97228
10.15,-10.77701,0.6665598,0,0,0,0,86.60488,56.1463
10.16,-10.77377,0.6655152,0,0,0,0,86.6049,55.57161
10.17,-10.77053,0.6644745,0,0,0,0,86.59591,55.44582
10.18,-10.76731,0.6634373,0,0,0,0,86.58792,55.57535
10.19,-10.76409,0.6624032,0,0,0,0,86.59094,54.68298
10.2,-10.76088,0.661372,0,0,0,0,86.57895,54.5987
10.21,-10.75769,0.6603491,0,0,0,0,86.57396,54.43484
10.22,-10.75452,0.6593342,0,0,0,0,86.56596,54.51111
10.23,-10.75136,0.6583215,0,0,0,0,86.56097,54.48754
10.24,-10.7482,0.657311,0,0,0,0,86.55898,54.10325
10.25,-10.74505,0.6563025,0,0,0,0,86.54699,54.33439
10.26,-10.74191,0.6552959,0,0,0,0,86.54899,53.84289
10.27,-10.73877,0.6542912,0,0,0,0,86.541,53.60941
10.28,-10.73565,0.6532883,0,0,0,0,86.532,53.66852
10.29,-10.73253,0.652287,0,0,0,0,86.52801,53.57479
10.3,-10.72942,0.6512874,0,0,0,0,86.52001,53.6584
10.31,-10.72631,0.6502894,0,0,0,0,86.52002,53.30451
10.32,-10.72321,0.6492928,0,0,0,0,86.51302,53.08575
10.33,-10.72012,0.6482978,0,0,0,0,86.50402,53.11785
10.34,-10.71704,0.6473042,0,0,0,0,86.50003,53.02591
10.35,-10.71396,0.646312,0,0,0,0,86.49803,52.70201
10.36,-10.71089,0.6453212,0,0,0,0,86.48804,52.68823
10.37,-10.70783,0.6443318,0,0,0,0,86.48304,52.63007
10.38,-10.70477,0.6433437,0,0,0,0,86.47704,52.59496
10.39,-10.70172,0.6423571,0,0,0,0,86.46905,52.69696
10.4,-10.69868,0.6413716,0,0,0,0,86.46605,52.58773
10.41,-10.79331,0.7104765,0,0,0,0,86.42017,52.4786
10.42,-10.87812,0.7727797,0,0,0,0,86.36196,52.36845
10.43,-10.95094,0.8266768,0,0,0,0,86.32745,52.25714
10.44,-11.0134,0.8733078,0,0,0,0,86.2919,52.14508
10.45,-11.06668,0.9134682,0,0,0,0,86.25064,52.03228
10.46,-11.11219,0.9481518,0,0,0,0,86.22913,51.91873
10.47,-11.15088,0.9780235,0,0,0,0,86.19786,51.80477
10.48,-11.18365,1.003698,0,0,0,0,86.18041,51.69024
10.49,-11.21128,1.025735,0,0,0,0,86.15542,51.5754
10.5,-11.23451,1.044633,0,0,0,0,86.14154,51.46013
10.51,-11.25383,1.060755,0,0,0,0,86.12452,51.34468
10.52,-11.2698,1.074479,0,0,0,0,86.11009,51.22895
10.53,-11.2829,1.086146,0,0,0,0,86.09006,51.11303
10.54,-11.29346,1.095995,0,0,0,0,86.07824,50.99684
10.55,-11.30182,1.104258,0,0,0,0,86.07547,50.88055
10.56,-11.30834,1.111197,0,0,0,0,86.0606,50.76426
10.57,-11.31319,1.116924,0,0,0,0,86.04453,50.64784
10.58,-11.31658,1.1216,0,0,0,0,86.04014,50.53122
10.59,-11.31877,1.1254,0,0,0,0,86.03435,50.41461
10.6,-11.31991,1.128435,0,0,0,0,86.02408,50.298
10.61,-11.32014,1.130801,0,0,0,0,86.02425,50.18129
10.62,-11.31956,1.13257,0,0,0,0,86.01382,50.06473
10.63,-11.31825,1.133805,0,0,0,0,86.00672,49.94807
10.64,-11.31635,1.134603,0,0,0,0,86.00091,49.83141
10.65,-11.31395,1.135022,0,0,0,0,85.99036,49.71475
10.66,-11.3111,1.135109,0,0,0,0,85.99103,49.59804
10.67,-11.30786,1.13491,0,0,0,0,85.98289,49.48147
10.68,-11.3043,1.134461,0,0,0,0,85.97991,49.36486
10.69,-11.30045,1.133795,0,0,0,0,85.97708,49.24834
10.7,-11.29636,1.13294,0,0,0,0,85.96537,49.13187
10.71,-11.29205,1.131923,0,0,0,0,85.96577,49.01535
10.72,-11.28757,1.130764,0,0,0,0,85.95826,48.89892
10.73,-11.28293,1.129482,0,0,0,0,85.95383,48.78249
10.74,-11.27815,1.128094,0,0,0,0,85.95448,48.66611
10.75,-11.27327,1.126617,0,0,0,0,85.94918,48.54987
10.76,-11.2683,1.12507,0,0,0,0,85.94193,48.43363
10.77,-11.26325,1.123454,0,0,0,0,85.93573,48.31739
10.78,-11.25813,1.121779,0,0,0,0,85.92957,48.20119
10.79,-11.25295,1.120052,0,0,0,0,85.92744,48.085
10.8,-11.24772,1.118282,0,0,0,0,85.92534,47.9689
10.81,-11.24246,1.116475,0,0,0,0,85.92527,47.85289
10.82,-11.23716,1.114635,0,0,0,0,85.92021,47.73697
10.83,-11.23183,1.112767,0,0,0,0,85.90818,47.6211
10.84,-11.22648,1.110877,0,0,0,0,85.90716,47.50514
10.85,-11.22112,1.108966,0,0,0,0,85.90415,47.38927
10.86,-11.21574,1.107038,0,0,0,0,85.90515,47.27349
10.87,-11.21036,1.105097,0,0,0,0,85.89317,47.15786
10.88,-11.20497,1.103143,0,0,0,0,85.89419,47.04213
10.89,-11.19958,1.10118,0,0,0,0,85.89322,46.92654
10.9,-11.19418,1.099209,0,0,0,0,85.88125,46.81104
10.91,-11.18879,1.097232,0,0,0,0,85.88329,46.69549
10.92,-11.1834,1.095249,0,0,0,0,85.87933,46.58004
10.93,-11.17802,1.093262,0,0,0,0,85.87337,46.46468
10.94,-11.17264,1.091273,0,0,0,0,85.86742,46.34933
10.95,-11.16727,1.089281,0,0,0,0,85.86546,46.23397
10.96,-11.1619,1.087288,0,0,0,0,85.86751,46.1187
10.97,-11.15655,1.085295,0,0,0,0,85.85856,46.00358
10.98,-11.15121,1.083301,0,0,0,0,85.85561,45.88845
10.99,-11.14587,1.081308,0,0,0,0,85.85266,45.77337
11,-11.14055,1.079315,0,0,0,0,85.84271,45.65834
11.01,-11.13523,1.077324,0,0,0,0,85.84476,45.54326
11.02,-11.12993,1.075334,0,0,0,0,85.84481,45.42832
11.03,-11.12464,1.073346,0,0,0,0,85.83086,45.31352
11.04,-11.11937,1.07136,0,0,0,0,85.83691,45.19858
11.05,-11.1141,1.069377,0,0,0,0,85.82095,45.08387
11.06,-11.10885,1.067396,0,0,0,0,85.822,44.96902
11.07,-11.10361,1.065417,0,0,0,0,85.81904,44.85432
11.08,-11.09838,1.063442,0,0,0,0,85.82008,44.73966
11.09,-11.09317,1.061469,0,0,0,0,85.81012,44.62509
11.1,-11.08797,1.059499,0,0,0,0,85.81416,44.51047
11.11,-11.08279,1.057533,0,0,0,0,85.8012,44.39604
11.12,-11.07761,1.055569,0,0,0,0,85.80124,44.28152
11.13,-11.07245,1.053609,0,0,0,0,85.80627,44.16709
11.14,-11.06731,1.051652,0,0,0,0,85.7933,44.05285
11.15,-11.06218,1.049698,0,0,0,0,85.79833,43.93852
11.16,-11.05706,1.047748,0,0,0,0,85.78136,43.82437
11.17,-11.05195,1.045801,0,0,0,0,85.78239,43.71008
11.18,-11.04686,1.043857,0,0,0,0,85.78142,43.59588
11.19,-11.04178,1.041917,0,0,0,0,85.78244,43.48178
11.2,-11.03672,1.039981,0,0,0,0,85.78346,43.36781
11.21,-11.03167,1.038048,0,0,0,0,85.77648,43.25394
11.22,-11.02663,1.036118,0,0,0,0,85.7675,43.14007
11.23,-11.02161,1.034192,0,0,0,0,85.75952,43.0262
11.24,-11.0166,1.03227,0,0,0,0,85.75553,42.91228
11.25,-11.0116,1.030351,0,0,0,0,85.75354,42.79841
11.26,-11.00662,1.028436,0,0,0,0,85.75455,42.68459
11.27,-11.00165,1.026525,0,0,0,0,85.74956,42.5709
11.28,-10.9967,1.024617,0,0,0,0,85.74257,42.45726
11.29,-10.99176,1.022712,0,0,0,0,85.74257,42.34358
11.3,-10.98683,1.020814,0,0,0,0,85.73258,42.23003
11.31,-10.98193,1.018928,0,0,0,0,85.73758,42.11644
11.32,-10.97704,1.017046,0,0,0,0,85.73558,42.00299
11.33,-10.97217,1.015168,0,0,0,0,85.73258,41.88963
11.34,-10.96731,1.013293,0,0,0,0,85.72657,41.77632
11.35,-10.96246,1.011422,0,0,0,0,85.71957,41.663
11.36,-10.95763,1.009554,0,0,0,0,85.72256,41.54969
11.37,-10.95281,1.00769,0,0,0,0,85.71455,41.43652
11.38,-10.948,1.005829,0,0,0,0,85.71254,41.3233
11.39,-10.94321,1.003972,0,0,0,0,85.70352,41.21017
11.4,-10.93843,1.002119,0,0,0,0,85.70151,41.09699
11.41,-10.8681,0.9422585,0,0,0,0,85.738,40.98387
11.42,-10.80457,0.8881394,0,0,0,0,85.76511,40.87172
11.43,-10.74917,0.8409942,0,0,0,0,85.78311,40.7604
11.44,-10.70087,0.7999456,0,0,0,0,85.80153,40.64969
11.45,-10.65858,0.7640804,0,0,0,0,85.82086,40.53958
11.46,-10.62165,0.7328358,0,0,0,0,85.8355,40.43004
11.47,-10.58931,0.7055693,0,0,0,0,85.83881,40.321
11.48,-10.56095,0.681749,0,0,0,0,85.8571,40.21224
11.49,-10.53605,0.6609333,0,0,0,0,85.86263,40.10395
11.5,-10.51417,0.6427566,0,0,0,0,85.86664,39.99593
11.51,-10.49488,0.6268272,0,0,0,0,85.86932,39.8882
11.52,-10.47783,0.6128613,0,0,0,0,85.86886,39.78065
11.53,-10.46277,0.6006392,0,0,0,0,85.8734,39.67328
11.54,-10.44939,0.5898945,0,0,0,0,85.87508,39.5661
11.55,-10.43747,0.5804307,0,0,0,0,85.87601,39.45911
11.56,-10.42688,0.5721433,0,0,0,0,85.88128,39.35226
11.57,-10.41737,0.5648055,0,0,0,0,85.881,39.24559
11.58,-10.4088,0.5582966,0,0,0,0,85.88222,39.13906
11.59,-10.40109,0.5525537,0,0,0,0,85.87402,39.03267
11.6,-10.39412,0.5474717,0,0,0,0,85.86944,38.92624
11.61,-10.3878,0.5429609,0,0,0,0,85.87255,38.81985
11.62,-10.38201,0.5389241,0,0,0,0,85.87138,38.7136
11.63,-10.37666,0.5352808,0,0,0,0,85.86997,38.60745
11.64,-10.37173,0.5320149,0,0,0,0,85.86235,38.50138
11.65,-10.36718,0.529076,0,0,0,0,85.85754,38.39527
11.66,-10.36293,0.5264207,0,0,0,0,85.86058,38.28921
11.67,-10.35897,0.5240114,0,0,0,0,85.85648,38.18329
11.68,-10.35524,0.5218155,0,0,0,0,85.84926,38.07741
11.69,-10.35171,0.519805,0,0,0,0,85.85194,37.97149
11.7,-10.34837,0.5179555,0,0,0,0,85.84453,37.8657
11.71,-10.34519,0.5162459,0,0,0,0,85.84105,37.75987
11.72,-10.34214,0.514658,0,0,0,0,85.83949,37.65409
11.73,-10.33921,0.5131758,0,0,0,0,85.83388,37.5484
11.74,-10.33638,0.5117856,0,0,0,0,85.82821,37.44271
11.75,-10.33364,0.5104756,0,0,0,0,85.8315,37.33701
11.76,-10.33099,0.5092354,0,0,0,0,85.82276,37.23142
11.77,-10.3284,0.5080559,0,0,0,0,85.81998,37.12577
11.78,-10.32587,0.5069294,0,0,0,0,85.81417,37.02017
11.79,-10.3234,0.5058492,0,0,0,0,85.81434,36.91457
11.8,-10.32097,0.5048091,0,0,0,0,85.81148,36.80907
11.81,-10.31859,0.5038043,0,0,0,0,85.80661,36.70361
11.82,-10.31624,0.5028302,0,0,0,0,85.79672,36.59815
11.83,-10.31392,0.5018831,0,0,0,0,85.79681,36.4926
11.84,-10.31164,0.5009595,0,0,0,0,85.79289,36.38714
11.85,-10.30937,0.5000565,0,0,0,0,85.78597,37.40555
11.86,-10.30714,0.4991716,0,0,0,0,85.78703,36.94029
11.87,-10.30492,0.4983026,0,0,0,0,85.78308,36.68594
11.88,-10.30272,0.4974477,0,0,0,0,85.78013,36.42181
11.89,-10.30054,0.496605,0,0,0,0,85.77917,35.9826
11.9,-10.29837,0.4957733,0,0,0,0,85.76921,36.08127
11.91,-10.29621,0.4949511,0,0,0,0,85.76424,36.26511
11.92,-10.29407,0.4941375,0,0,0,0,85.76327,36.15386
11.93,-10.29194,0.493332,0,0,0,0,85.75829,36.16735
11.94,-10.28984,0.4925435,0,0,0,0,85.75732,35.8639
11.95,-10.28774,0.491761,0,0,0,0,85.75534,35.37728
11.96,-10.28565,0.4909839,0,0,0,0,85.75335,34.72983
11.97,-10.28357,0.4902116,0,0,0,0,85.74237,35.0403
11.98,-10.2815,0.4894437,0,0,0,0,85.74538,34.47587
11.99,-10.27944,0.4886797,0,0,0,0,85.74439,33.65429
12,-10.27738,0.4879194,0,0,0,0,85.7344,33.72391
12.01,-10.27533,0.4871624,0,0,0,0,85.72641,34.29984
12.02,-10.27329,0.4864084,0,0,0,0,85.72242,34.81324
12.03,-10.27125,0.4856571,0,0,0,0,85.72343,34.6926
12.04,-10.26922,0.4849085,0,0,0,0,85.72143,34.3927
12.05,-10.2672,0.4841622,0,0,0,0,85.71344,34.60074
12.06,-10.26518,0.4834183,0,0,0,0,85.71245,34.48277
12.07,-10.26317,0.4826765,0,0,0,0,85.71345,33.90311
12.08,-10.26117,0.4819367,0,0,0,0,85.70046,34.32009
12.09,-10.25917,0.4811989,0,0,0,0,85.70046,34.31475
12.1,-10.25717,0.4804629,0,0,0,0,85.69946,34.06087
12.11,-10.25518,0.4797286,0,0,0,0,85.69047,34.30324
12.12,-10.2532,0.4789961,0,0,0,0,85.68947,34.2752
12.13,-10.25122,0.4782652,0,0,0,0,85.68548,34.26964
12.14,-10.24925,0.477536,0,0,0,0,85.68448,34.04927
12.15,-10.24728,0.4768081,0,0,0,0,85.68048,33.88029
12.16,-10.24532,0.4760819,0,0,0,0,85.68148,33.39099
12.17,-10.24336,0.4753572,0,0,0,0,85.67249,33.34672
12.18,-10.24141,0.474634,0,0,0,0,85.66749,33.39719
12.19,-10.23946,0.4739122,0,0,0,0,85.66449,33.39408
12.2,-10.23752,0.4731918,0,0,0,0,85.6685,32.89351
12.21,-10.23558,0.4724728,0,0,0,0,85.6655,32.4173
12.22,-10.23365,0.4717553,0,0,0,0,85.6545,32.4562
12.23,-10.23172,0.4710391,0,0,0,0,85.6515,32.45284
12.24,-10.2298,0.4703243,0,0,0,0,85.64851,32.41313
12.25,-10.22788,0.4696109,0,0,0,0,85.64251,32.30581
12.26,-10.27123,0.5191076,0,0,0,0,85.61426,32.19843
12.27,-10.30998,0.5637806,0,0,0,0,85.58947,32.09045
12.28,-10.34308,0.6024318,0,0,0,0,85.56768,31.98192
12.29,-10.37133,0.635878,0,0,0,0,85.54848,31.87287
12.3,-10.39527,0.6646908,0,0,0,0,85.52854,31.76341
12.31,-10.41557,0.6895814,0,0,0,0,85.51956,31.65357
12.32,-10.43269,0.7110266,0,0,0,0,85.50228,31.5435
12.33,-10.44703,0.7294672,0,0,0,0,85.48947,31.43315
12.34,-10.45899,0.7453028,0,0,0,0,85.48893,31.32257
12.35,-10.46889,0.7588919,0,0,0,0,85.46951,31.21195
12.36,-10.47698,0.7704943,0,0,0,0,85.46504,31.10104
12.37,-10.48351,0.7803797,0,0,0,0,85.45541,30.99004
12.38,-10.4887,0.7887936,0,0,0,0,85.4435,30.87891
12.39,-10.49272,0.795906,0,0,0,0,85.44222,30.76758
12.4,-10.49573,0.8018835,0,0,0,0,85.44048,30.6563
12.41,-10.49788,0.8069131,0,0,0,0,85.43321,30.54498
12.42,-10.49926,0.8110761,0,0,0,0,85.42435,30.43361
12.43,-10.49998,0.8144871,0,0,0,0,85.42584,30.32215
12.44,-10.50014,0.8172711,0,0,0,0,85.41364,30.21073
12.45,-10.49982,0.8195075,0,0,0,0,85.4107,30.09917
12.46,-10.49909,0.8212665,0,0,0,0,85.412,29.98762
12.47,-10.49798,0.8225979,0,0,0,0,85.40849,29.87616
12.48,-10.49654,0.8235474,0,0,0,0,85.39816,29.76469
12.49,-10.49484,0.8241851,0,0,0,0,85.39398,29.65314
12.5,-10.49291,0.8245514,0,0,0,0,85.39692,29.54158
12.51,-10.49077,0.8246815,0,0,0,0,85.38898,29.43012
12.52,-10.48847,0.8246065,0,0,0,0,85.38614,29.31856
12.53,-10.48601,0.8243534,0,0,0,0,85.38538,29.20705
12.54,-10.48343,0.8239456,0,0,0,0,85.37869,29.09559
12.55,-10.48075,0.8234036,0,0,0,0,85.37606,28.98408
12.56,-10.47796,0.8227454,0,0,0,0,85.37949,28.87261
12.57,-10.4751,0.8219863,0,0,0,0,85.36996,28.76124
12.58,-10.47218,0.8211402,0,0,0,0,85.36948,28.64978
12.59,-10.46919,0.8202188,0,0,0,0,85.37003,28.53841
12.6,-10.46616,0.8192321,0,0,0,0,85.36561,28.42709
12.61,-10.46308,0.8181893,0,0,0,0,85.36222,28.31576
12.62,-10.45998,0.8170982,0,0,0,0,85.36384,28.20444
12.63,-10.45685,0.8159724,0,0,0,0,85.35249,28.09321
12.64,-10.4537,0.814815,0,0,0,0,85.35315,27.98188
12.65,-10.45053,0.813627,0,0,0,0,85.35483,27.87061
12.66,-10.44735,0.8124128,0,0,0,0,85.35452,27.75942
12.67,-10.44415,0.8111763,0,0,0,0,85.34722,27.64828
12.68,-10.44095,0.8099208,0,0,0,0,85.34993,27.5371
12.69,-10.43774,0.8086495,0,0,0,0,85.34364,27.42606
12.7,-10.43453,0.8073647,0,0,0,0,85.34536,27.31496
12.71,-10.43131,0.8060686,0,0,0,0,85.33509,27.20397
12.72,-10.4281,0.8047633,0,0,0,0,85.33682,27.09287
12.73,-10.42488,0.8034504,0,0,0,0,85.34055,26.98183
12.74,-10.42167,0.8021313,0,0,0,0,85.33629,26.87092
12.75,-10.41846,0.8008073,0,0,0,0,85.32403,26.76002
12.76,-10.41525,0.7994797,0,0,0,0,85.32676,26.64897
12.77,-10.41205,0.7981492,0,0,0,0,85.32351,26.53807
12.78,-10.40886,0.7968167,0,0,0,0,85.32225,26.42716
12.79,-10.40566,0.795483,0,0,0,0,85.32399,26.31626
12.8,-10.40248,0.7941488,0,0,0,0,85.32573,26.20549
12.81,-10.3993,0.7928144,0,0,0,0,85.31548,26.09477
12.82,-10.39613,0.7914806,0,0,0,0,85.32422,25.98396
12.83,-10.39297,0.7901476,0,0,0,0,85.31996,25.87333
12.84,-10.38982,0.7888157,0,0,0,0,85.3137,25.76271
12.85,-10.38667,0.7874855,0,0,0,0,85.31444,25.65208
12.86,-10.38353,0.7861569,0,0,0,0,85.30718,25.5415
12.87,-10.3804,0.7848306,0,0,0,0,85.30592,25.43087
12.88,-10.37728,0.7835064,0,0,0,0,85.30566,25.32029
12.89,-10.37416,0.7821847,0,0,0,0,85.3034,25.20976
12.9,-10.37106,0.7808657,0,0,0,0,85.29814,25.09922
12.91,-10.36796,0.7795493,0,0,0,0,85.30387,24.98869
12.92,-10.36488,0.7782359,0,0,0,0,85.2956,24.8783
12.93,-10.3618,0.7769254,0,0,0,0,85.30134,24.76786
12.94,-10.35873,0.7756179,0,0,0,0,85.29507,24.65755
12.95,-10.35567,0.7743136,0,0,0,0,85.2918,24.54721
12.96,-10.35262,0.7730126,0,0,0,0,85.28953,24.43686
12.97,-10.34957,0.7717149,0,0,0,0,85.28426,24.32651
12.98,-10.34654,0.7704206,0,0,0,0,85.28998,24.21616
12.99,-10.34352,0.7691294,0,0,0,0,85.28071,24.10596
13,-10.3405,0.7678418,0,0,0,0,85.28143,23.99565
13.01,-10.3375,0.7665578,0,0,0,0,85.27415,23.88545
13.02,-10.3345,0.7652772,0,0,0,0,85.27587,23.77519
13.03,-10.33151,0.7640002,0,0,0,0,85.27859,23.66498
13.04,-10.32853,0.7627265,0,0,0,0,85.27531,23.55487
13.05,-10.32556,0.7614568,0,0,0,0,85.27103,23.44475
13.06,-10.3226,0.7601904,0,0,0,0,85.27174,23.33464
13.07,-10.31965,0.7589278,0,0,0,0,85.26946,23.22457
13.08,-10.3167,0.7576688,0,0,0,0,85.26817,23.11454
13.09,-10.31377,0.7564135,0,0,0,0,85.26288,23.00457
13.1,-10.31085,0.7551618,0,0,0,0,85.26359,22.89455
13.11,-10.30793,0.7539138,0,0,0,0,85.26429,22.78457
13.12,-10.30502,0.7526695,0,0,0,0,85.267,22.67469
13.13,-10.30212,0.751429,0,0,0,0,85.25871,22.5649
13.14,-10.29923,0.7501923,0,0,0,0,85.26741,22.45501
13.15,-10.29635,0.7489591,0,0,0,0,85.25211,22.34532
13.16,-10.29348,0.7477299,0,0,0,0,85.25681,22.23543
13.17,-10.29062,0.7465043,0,0,0,0,85.25451,22.12569
13.18,-10.28776,0.7452825,0,0,0,0,85.25121,22.01595
13.19,-10.28492,0.7440644,0,0,0,0,85.2549,21.9062
13.2,-10.28208,0.7428503,0,0,0,0,85.2436,21.7966
13.21,-10.25199,0.6991541,0,0,0,0,85.26355,21.68686
13.22,-10.2248,0.6596372,0,0,0,0,85.2729,21.57772
13.23,-10.20108,0.6252116,0,0,0,0,85.28633,21.469
13.24,-10.18036,0.5952383,0,0,0,0,85.2891,21.36074
13.25,-10.1622,0.5690518,0,0,0,0,85.29742,21.25272
13.26,-10.14631,0.5462416,0,0,0,0,85.3025,21.14502
13.27,-10.13235,0.5263391,0,0,0,0,85.30749,21.03755
13.28,-10.12008,0.5089563,0,0,0,0,85.31255,20.93036
13.29,-10.10926,0.4937708,0,0,0,0,85.3148,20.82336
13.3,-10.09972,0.4805156,0,0,0,0,85.31835,20.71655
13.31,-10.09126,0.4689048,0,0,0,0,85.32328,20.60992
13.32,-10.08374,0.4587314,0,0,0,0,85.31769,20.50347
13.33,-10.07706,0.4498344,0,0,0,0,85.32165,20.39703
13.34,-10.07108,0.4420195,0,0,0,0,85.3212,20.29077
13.35,-10.06571,0.4351429,0,0,0,0,85.32442,20.18456
13.36,-10.06089,0.4291281,0,0,0,0,85.31634,20.07849
13.37,-10.05653,0.4238097,0,0,0,0,85.315,19.97237
13.38,-10.05255,0.4190992,0,0,0,0,85.31544,19.8663
13.39,-10.04894,0.4149504,0,0,0,0,85.31969,19.76032
13.4,-10.04563,0.4112867,0,0,0,0,85.31477,19.65448
13.41,-10.04259,0.4080422,0,0,0,0,85.3137,19.54864
13.42,-10.03977,0.4051461,0,0,0,0,85.30751,19.4428
13.43,-10.03713,0.4025472,0,0,0,0,85.31121,19.33696
13.44,-10.03468,0.4002272,0,0,0,0,85.30882,19.23121
13.45,-10.03237,0.3981479,0,0,0,0,85.30635,19.12547
13.46,-10.0302,0.3962772,0,0,0,0,85.3108,19.01977
13.47,-10.02814,0.3945878,0,0,0,0,85.3092,18.91416
13.48,-10.02618,0.3930558,0,0,0,0,85.30054,18.8086
13.49,-10.0243,0.3916607,0,0,0,0,85.30284,18.70295
13.5,-10.0225,0.3903845,0,0,0,0,85.3001,18.59738
13.51,-10.02076,0.3892119,0,0,0,0,85.29832,18.49182
13.52,-10.01908,0.3881294,0,0,0,0,85.30351,18.38626
13.53,-10.01745,0.3871254,0,0,0,0,85.29568,18.28084
13.54,-10.01586,0.3861899,0,0,0,0,85.28682,18.17533
13.55,-10.01431,0.385314,0,0,0,0,85.28995,18.06972
13.56,-10.01279,0.3844903,0,0,0,0,85.29206,17.96421
13.57,-10.0113,0.3837121,0,0,0,0,85.29015,17.85878
13.58,-10.00984,0.3829738,0,0,0,0,85.28724,17.75336
13.59,-10.0084,0.3822702,0,0,0,0,85.28531,17.64794
13.6,-10.00698,0.3815972,0,0,0,0,85.27537,17.54252
13.61,-10.00558,0.3809509,0,0,0,0,85.27942,17.43701
13.62,-10.00419,0.3803281,0,0,0,0,85.27547,17.33159
13.63,-10.00282,0.379726,0,0,0,0,85.27751,17.22616
13.64,-10.00146,0.379142,0,0,0,0,85.27755,17.12079
13.65,-10.00011,0.3785742,0,0,0,0,85.26958,17.01546
13.66,-9.998772,0.3780206,0,0,0,0,85.2686,16.91009
13.67,-9.997444,0.3774796,0,0,0,0,85.26963,16.80471
13.68,-9.996125,0.3769497,0,0,0,0,85.26865,16.69938
13.69,-9.994813,0.3764299,0,0,0,0,85.26567,16.5941
13.7,-9.993509,0.375919,0,0,0,0,85.26368,18.20509
13.71,-9.992211,0.3754161,0,0,0,0,85.26069,18.19818
13.72,-9.99092,0.3749204,0,0,0,0,85.25971,18.08368
13.73,-9.989635,0.3744313,0,0,0,0,85.25472,18.18345
13.74,-9.988355,0.373948,0,0,0,0,85.26273,17.52848
13.75,-9.98708,0.37347,0,0,0,0,85.25274,17.59736
13.76,-9.985811,0.3729971,0,0,0,0,85.25674,17.1362
13.77,-9.984546,0.3725286,0,0,0,0,85.25275,16.918
13.78,-9.983285,0.3720643,0,0,0,0,85.24776,17.04312
13.79,-9.982029,0.371604,0,0,0,0,85.24676,17.06188
13.8,-9.980777,0.3711473,0,0,0,0,85.24677,16.86336
13.81,-9.97953,0.370694,0,0,0,0,85.24277,16.94147
13.82,-9.978286,0.3702439,0,0,0,0,85.24477,16.54103
13.83,-9.977046,0.3697969,0,0,0,0,85.24378,16.09001
13.84,-9.975809,0.3693527,0,0,0,0,85.23478,16.58652
13.85,-9.974577,0.3689114,0,0,0,0,85.23578,16.66192
13.86,-9.973348,0.3684727,0,0,0,0,85.23879,16.14117
13.87,-9.972122,0.3680366,0,0,0,0,85.22879,16.66605
13.88,-9.9709,0.367603,0,0,0,0,85.22679,17.11999
13.89,-9.969681,0.3671719,0,0,0,0,85.22879,17.06201
13.9,-9.968466,0.3667431,0,0,0,0,85.2258,17.13185
13.91,-9.967254,0.3663166,0,0,0,0,85.2278,16.7813
13.92,-9.966045,0.3658923,0,0,0,0,85.2268,16.39934
13.93,-9.96484,0.3654704,0,0,0,0,85.2198,16.57977
13.94,-9.963638,0.3650507,0,0,0,0,85.21781,16.74166
13.95,-9.962439,0.364633,0,0,0,0,85.21981,16.52614
13.96,-9.961243,0.3642176,0,0,0,0,85.21881,16.26875
13.97,-9.96005,0.3638043,0,0,0,0,85.21681,16.06416
13.98,-9.95886,0.3633932,0,0,0,0,85.21281,16.06559
13.99,-9.957674,0.3629841,0,0,0,0,85.21681,15.61116
14,-9.95649,0.3625772,0,0,0,0,85.21082,15.54093
14.01,-9.95531,0.3621723,0,0,0,0,85.20882,15.49455
14.02,-9.954132,0.3617695,0,0,0,0,85.20682,15.46883
14.03,-9.952958,0.3613687,0,0,0,0,85.20882,15.18663
14.04,-9.951786,0.3609701,0,0,0,0,85.20782,14.89189
14.05,-9.950618,0.3605735,0,0,0,0,85.20382,14.7823
14.06,-9.949452,0.360179,0,0,0,0,85.20982,14.19877
14.07,-9.948289,0.3597866,0,0,0,0,85.19683,14.3854
14.08,-9.94713,0.3593962,0,0,0,0,85.19883,14.32551
14.09,-9.945973,0.3590079,0,0,0,0,85.20183,13.99665
14.1,-9.944819,0.3586216,0,0,0,0,85.19483,13.89296
14.11,-9.943668,0.3582374,0,0,0,0,85.19683,13.78918
14.12,-9.94252,0.3578554,0,0,0,0,85.19183,13.6855
14.13,-9.941374,0.3574754,0,0,0,0,85.19584,13.58172
14.14,-9.940232,0.3570974,0,0,0,0,85.19084,13.47804
14.15,-9.939092,0.3567216,0,0,0,0,85.18884,13.37431
14.16,-9.937955,0.3563478,0,0,0,0,85.18684,13.27057
14.17,-9.936821,0.3559761,0,0,0,0,85.18784,13.16684
14.18,-9.935689,0.3556066,0,0,0,0,85.19284,13.06316
14.19,-9.93456,0.355239,0,0,0,0,85.18184,12.95957
14.2,-9.933434,0.3548736,0,0,0,0,85.18584,12.85584
14.21,-9.932311,0.3545104,0,0,0,0,85.17785,12.7522
14.22,-9.93119,0.3541492,0,0,0,0,85.17885,12.64847
14.23,-9.930072,0.3537901,0,0,0,0,85.17685,12.54478
14.24,-9.928957,0.3534332,0,0,0,0,85.17985,12.4411
14.25,-9.927844,0.3530784,0,0,0,0,85.17385,12.33751
14.26,-9.926734,0.3527257,0,0,0,0,85.17385,12.23382
14.27,-9.925627,0.3523751,0,0,0,0,85.17585,12.13018
14.28,-9.924522,0.3520267,0,0,0,0,85.17886,12.02659
14.29,-9.92342,0.3516805,0,0,0,0,85.16686,11.92309
14.3,-9.92232,0.3513363,0,0,0,0,85.16586,11.81941
14.31,-9.921223,0.3509944,0,0,0,0,85.16886,11.71572
14.32,-9.920129,0.3506546,0,0,0,0,85.16986,11.61213
14.33,-9.919037,0.3503169,0,0,0,0,85.16986,11.50858
14.34,-9.917947,0.3499814,0,0,0,0,85.16786,11.40504
14.35,-9.91686,0.3496481,0,0,0,0,85.16387,11.30149
14.36,-9.915775,0.349317,0,0,0,0,85.16687,11.1979
14.37,-9.914693,0.348988,0,0,0,0,85.16387,11.0944
14.38,-9.913614,0.3486612,0,0,0,0,85.16087,10.99086
14.39,-9.912536,0.3483367,0,0,0,0,85.15987,10.88731
14.4,-9.911461,0.3480143,0,0,0,0,85.15987,10.78377
14.41,-9.910389,0.3476941,0,0,0,0,85.15887,10.68027
14.42,-9.909319,0.3473761,0,0,0,0,85.16087,10.57677
14.43,-9.908251,0.3470604,0,0,0,0,85.15388,10.47332
14.44,-9.907185,0.3467468,0,0,0,0,85.15288,10.36977
14.45,-9.906122,0.3464355,0,0,0,0,85.15188,10.26623
14.46,-9.905061,0.3461263,0,0,0,0,85.14988,10.16273
14.47,-9.904003,0.3458194,0,0,0,0,85.14888,10.05918
14.48,-9.902947,0.3455147,0,0,0,0,85.14888,9.955638
14.49,-9.901893,0.3452124,0,0,0,0,85.15388,9.852139
14.5,-9.900841,0.3449122,0,0,0,0,85.15288,9.748733
14.51,-9.899791,0.3446142,0,0,0,0,85.14389,9.645327
14.52,-9.898744,0.3443185,0,0,0,0,85.14589,9.541828
14.53,-9.897699,0.3440251,0,0,0,0,85.13789,9.438376
14.54,-9.896656,0.3437339,0,0,0,0,85.14889,9.334784
14.55,-9.895615,0.343445,0,0,0,0,85.14289,9.231378
14.56,-9.894576,0.3431583,0,0,0,0,85.14089,9.127926
14.57,-9.893539,0.342874,0,0,0,0,85.14289,9.024474
14.58,-9.892505,0.3425918,0,0,0,0,85.1389,8.921068
14.59,-9.891472,0.342312,0,0,0,0,85.1449,8.817615
14.6,-9.890442,0.3420345,0,0,0,0,85.1349,8.714302
14.61,-9.889413,0.3417592,0,0,0,0,85.1349,8.61085
14.62,-9.888387,0.3414862,0,0,0,0,85.1399,8.507398
14.63,-9.887362,0.3412156,0,0,0,0,85.1359,8.404038
14.64,-9.88634,0.3409472,0,0,0,0,85.1389,8.300632
14.65,-9.88532,0.3406811,0,0,0,0,85.1339,8.197319
14.66,-9.884301,0.3404174,0,0,0,0,85.13391,8.093914
14.67,-9.883285,0.3401559,0,0,0,0,85.13091,7.990554
14.68,-9.88227,0.3398967,0,0,0,0,85.13591,7.887148
14.69,-9.881257,0.339641,0,0,0,0,85.12291,7.783835
14.7,-9.880248,0.3393915,0,0,0,0,85.12691,7.680336
14.71,-9.87924,0.3391442,0,0,0,0,85.12991,7.576931
14.72,-9.878234,0.3388992,0,0,0,0,85.12991,7.473571
14.73,-9.877229,0.3386565,0,0,0,0,85.12591,7.370258
14.74,-9.876227,0.338416,0,0,0,0,85.12792,7.266899
14.75,-9.875226,0.338178,0,0,0,0,85.12392,7.163586
14.76,-9.874227,0.337942,0,0,0,0,85.12592,7.060227
14.77,-9.873229,0.3377085,0,0,0,0,85.12192,6.956914
14.78,-9.872234,0.3374772,0,0,0,0,85.12992,6.853554
14.79,-9.871239,0.3372482,0,0,0,0,85.12292,6.750334
14.8,-9.870247,0.3370215,0,0,0,0,85.12192,6.646975
14.81,-9.869256,0.336797,0,0,0,0,85.12192,6.543662
14.82,-9.868267,0.3365749,0,0,0,0,85.12592,6.440349
14.83,-9.86728,0.3363552,0,0,0,0,85.11893,6.337129
14.84,-9.866294,0.3361377,0,0,0,0,85.11993,6.233816
14.85,-9.865309,0.3359225,0,0,0,0,85.11293,6.130503
14.86,-9.864326,0.3357096,0,0,0,0,85.11193,6.027097
14.87,-9.863345,0.3354991,0,0,0,0,85.11593,5.923691
14.88,-9.862365,0.3352908,0,0,0,0,85.12293,5.820378
14.89,-9.861387,0.335085,0,0,0,0,85.11393,5.717158
14.9,-9.86041,0.3348814,0,0,0,0,85.11693,5.613845
14.91,-9.859434,0.3346802,0,0,0,0,85.11494,5.510579
14.92,-9.85846,0.3344813,0,0,0,0,85.11294,5.407313
14.93,-9.857488,0.3342847,0,0,0,0,85.11494,5.304
14.94,-9.856516,0.3340905,0,0,0,0,85.10794,5.200733
14.95,-9.855546,0.3338986,0,0,0,0,85.11594,5.097374
14.96,-9.854578,0.3337091,0,0,0,0,85.11194,4.994154
14.97,-9.853611,0.3335219,0,0,0,0,85.11194,4.890887
14.98,-9.852645,0.333337,0,0,0,0,85.10494,4.787621
14.99,-9.85168,0.3331546,0,0,0,0,85.11394,4.684262
15,-9.850717,0.3329744,0,0,0,0,85.10795,4.581042
15.01,-9.849755,0.3327966,0,0,0,0,85.10995,4.477775
15.02,-9.848794,0.3326212,0,0,0,0,85.10395,4.374509
15.03,-9.847834,0.3324482,0,0,0,0,85.10795,4.271196
15.04,-9.846876,0.3322775,0,0,0,0,85.10695,4.167929
15.05,-9.845919,0.3321092,0,0,0,0,85.10695,4.064663
15.06,-9.844963,0.3319432,0,0,0,0,85.09895,3.961396
15.07,-9.844008,0.3317796,0,0,0,0,85.10395,3.858037
15.08,-9.843054,0.3316184,0,0,0,0,85.10695,3.75477
15.09,-9.842101,0.3314595,0,0,0,0,85.10396,3.651551
15.1,-9.841149,0.331303,0,0,0,0,85.10396,3.548284
15.11,-9.840199,0.3311489,0,0,0,0,85.09896,3.445018
15.12,-9.839249,0.3309972,0,0,0,0,85.10696,3.341705
15.13,-9.838301,0.3308479,0,0,0,0,85.10196,3.238531
15.14,-9.837353,0.3307009,0,0,0,0,85.10196,3.135265
15.15,-9.836406,0.3305563,0,0,0,0,85.10196,3.031998
15.16,-9.835461,0.3304141,0,0,0,0,85.10596,2.928778
15.17,-9.834516,0.3302743,0,0,0,0,85.10396,2.825605
15.18,-9.833572,0.3301369,0,0,0,0,85.10297,2.722431
15.19,-9.832629,0.3300019,0,0,0,0,85.09997,2.619211
15.2,-9.831687,0.3298692,0,0,0,0,85.09697,2.515945
15.21,-9.830746,0.3297389,0,0,0,0,85.10297,2.412678
15.22,-9.829806,0.3296111,0,0,0,0,85.09797,2.309505
15.23,-9.828867,0.3294856,0,0,0,0,85.09697,2.206238
15.24,-9.827928,0.3293625,0,0,0,0,85.09997,2.102972
15.25,-9.82699,0.3292418,0,0,0,0,85.09397,1.999752
15.26,-9.826053,0.3291235,0,0,0,0,85.10397,1.896439
15.27,-9.825117,0.3290076,0,0,0,0,85.09998,1.793312
15.28,-9.824181,0.3288941,0,0,0,0,85.09898,1.690139
15.29,-9.823246,0.328783,0,0,0,0,85.09898,1.586919
15.3,-9.822312,0.3286742,0,0,0,0,85.10298,1.483745
15.31,-9.821378,0.328568,0,0,0,0,85.10098,1.380618
15.32,-9.820445,0.328464,0,0,0,0,85.09898,1.277445
15.33,-9.819513,0.3283625,0,0,0,0,85.09698,1.174271
15.34,-9.818581,0.3282634,0,0,0,0,85.09798,1.071051
15.35,-9.81765,0.3281666,0,0,0,0,85.09898,0.9678776
15.36,-9.816719,0.3280723,0,0,0,0,85.09698,0.8647041
15.37,-9.815789,0.3279804,0,0,0,0,85.10199,0.7614841
15.38,-9.814859,0.3278908,0,0,0,0,85.09699,0.6583571
15.39,-9.81393,0.3278037,0,0,0,0,85.09499,0.5551836
15.4,-9.813001,0.327719,0,0,0,0,85.10299,0.4519636
15.41,-9.812073,0.3276366,0,0,0,0,85.09799,0.3488831
15.42,-9.811145,0.3275567,0,0,0,0,85.09599,0.2457096
15.43,-9.810218,0.3274791,0,0,0,0,85.09499,0.1425361
15.44,-9.809291,0.327404,0,0,0,0,85.09599,0.03931612
15.45,-9.808365,0.3273312,0,0,0,0,85.09299,-0.06385738
15.46,-9.807438,0.3272609,0,0,0,0,85.09499,-0.1670773
15.47,-9.806513,0.3271929,0,0,0,0,85.093,-0.2702973
15.48,-9.805587,0.3271273,0,0,0,0,85.096,-0.3735173
15.49,-9.804662,0.3270642,0,0,0,0,85.1,-0.4766908
15.5,-9.803737,0.3270034,0,0,0,0,85.094,-0.5798178
15.51,-9.802812,0.326945,0,0,0,0,85.093,-0.6830378
