# Time (s),Vertical acceleration (m/s²),Lateral acceleration (m/s²),Roll rate (rad/s),Pitch rate (rad/s),Yaw rate (rad/s),Air temperature (°C),Air pressure (kPa)
# Event IGNITION occurred at t=0 seconds
# Event LAUNCH occurred at t=0 seconds
0.002,-9.53074,0.833831,0,0,0,0,98.7696
0.004,-9.13453,0.799168,0,0,0,0,98.7696
0.006,4.42144,0.386826,0,0,0,0,98.7696
0.008,31.1391,2.72432,0,0,0,0,98.7696
0.01,57.8594,5.06204,0,0,0,0,98.7696
0.012,81.2789,7.11098,0,0,0,0,98.7696
0.014,84.8674,7.42494,0,0,0,0,98.7695
0.016,85.1502,7.44968,0,0,0,0,98.7695
0.018,85.433,7.47442,0,0,0,0,98.7695
0.02,85.7158,7.49916,0,0,0,0,98.7695
0.022,85.9986,7.5239,0,0,0,0,98.7695
0.024,86.2815,7.54865,0,0,0,0,98.7694
0.026,86.5644,7.5734,0,0,0,0,98.7694
0.028,86.8473,7.59815,0,0,0,0,98.7694
0.03,87.1302,7.6229,0,0,0,0,98.7693
# Event LIFTOFF occurred at t=0.03 seconds
0.032,87.4132,7.64766,0,0,0,0,98.7693
0.034,87.6961,7.67242,0,0,0,0,98.7692
0.036,87.9791,7.69718,0,0,0,0,98.7692
0.038,88.2621,7.72194,0,0,0,0,98.7691
0.04,88.5452,7.7467,0,0,0,0,98.769
0.042,88.6451,7.75544,0,0,0,0,98.769
0.044,88.5621,7.74818,0,0,0,0,98.7689
0.046,88.479,7.74091,0,0,0,0,98.7688
0.048,88.3959,7.73364,0,0,0,0,98.7687
0.05,88.3127,7.72636,0,0,0,0,98.7687
0.052,88.2294,7.71907,0,0,0,0,98.7686
0.054,88.1461,7.71179,0,0,0,0,98.7685
0.056,88.0628,7.70449,0,0,0,0,98.7684
0.058,87.9794,7.6972,0,0,0,0,98.7683
0.06,87.8959,7.68989,0,0,0,0,98.7682
0.062,87.8124,7.68259,0,0,0,0,98.7681
0.064,87.7288,7.67528,0,0,0,0,98.768
0.066,87.6452,7.66796,0,0,0,0,98.7678
0.068,87.5615,7.66064,0,0,0,0,98.7677
0.07,87.4778,7.65332,0,0,0,0,98.7676
0.072,87.3941,7.64599,0,0,0,0,98.7675
0.074,87.3102,7.63866,0,0,0,0,98.7673
0.076,87.2264,7.63132,0,0,0,0,98.7672
0.078,87.1425,7.62398,0,0,0,0,98.7671
0.08,87.0585,7.61663,0,0,0,0,98.7669
0.082,86.9745,7.60929,0,0,0,0,98.7668
0.084,86.8905,7.60193,0,0,0,0,98.7666
0.086,86.8064,7.59458,0,0,0,0,98.7665
0.088,86.7223,7.58722,0,0,0,0,98.7663
0.09,86.6381,7.57985,0,0,0,0,98.7661
0.092,86.5539,7.57249,0,0,0,0,98.766
0.094,86.4697,7.56511,0,0,0,0,98.7658
0.096,86.3854,7.55774,0,0,0,0,98.7656
0.098,86.301,7.55036,0,0,0,0,98.7654
0.1,86.2167,7.54298,0,0,0,0,98.7652
0.102,86.1323,7.5356,0,0,0,0,98.765
0.104,86.0478,7.52821,0,0,0,0,98.7649
0.106,85.9633,7.52082,0,0,0,0,98.7647
0.108,85.8788,7.51342,0,0,0,0,98.7645
0.11,85.7942,7.50602,0,0,0,0,98.7642
0.112,85.7096,7.49862,0,0,0,0,98.764
0.114,85.625,7.49122,0,0,0,0,98.7638
0.116,85.5403,7.48381,0,0,0,0,98.7636
0.118,85.4556,7.4764,0,0,0,0,98.7634
0.12,85.3709,7.46899,0,0,0,0,98.7632
0.122,85.2861,7.46157,0,0,0,0,98.7629
0.124,85.2013,7.45415,0,0,0,0,98.7627
0.126,85.1165,7.44672,0,0,0,0,98.7625
0.128,85.0316,7.4393,0,0,0,0,98.7622
0.13,84.9467,7.43187,0,0,0,0,98.762
0.132,84.8617,7.42444,0,0,0,0,98.7617
0.134,84.7767,7.417,0,0,0,0,98.7615
0.136,84.6917,7.40956,0,0,0,0,98.7612
0.138,84.6066,7.40212,0,0,0,0,98.7609
0.14,84.5216,7.39468,0,0,0,0,98.7607
0.142,84.4365,7.38723,0,0,0,0,98.7604
0.144,84.3513,7.37978,0,0,0,0,98.7601
0.146,84.2661,7.37233,0,0,0,0,98.7599
0.148,84.1809,7.36488,0,0,0,0,98.7596
0.15,84.0957,7.35742,0,0,0,0,98.7593
0.152,84.0104,7.34996,0,0,0,0,98.759
0.154,83.9251,7.34249,0,0,0,0,98.7587
0.156,83.8397,7.33503,0,0,0,0,98.7584
0.158,83.7544,7.32756,0,0,0,0,98.7581
0.16,83.6689,7.32008,0,0,0,0,98.7578
0.162,83.5835,7.31261,0,0,0,0,98.7575
0.164,83.498,7.30513,0,0,0,0,98.7572
0.166,83.4125,7.29765,0,0,0,0,98.7569
0.168,83.327,7.29017,0,0,0,0,98.7565
0.17,83.2414,7.28268,0,0,0,0,98.7562
0.172,83.1558,7.27519,0,0,0,0,98.7559
0.174,83.0702,7.2677,0,0,0,0,98.7556
0.176,82.9846,7.26021,0,0,0,0,98.7552
0.178,82.8989,7.25271,0,0,0,0,98.7549
0.18,82.8132,7.24521,0,0,0,0,98.7545
0.182,82.7274,7.23771,0,0,0,0,98.7542
0.184,82.6416,7.23021,0,0,0,0,98.7538
0.186,82.5558,7.2227,0,0,0,0,98.7535
0.188,82.47,7.21519,0,0,0,0,98.7531
0.19,82.3841,7.20768,0,0,0,0,98.7528
0.192,82.2982,7.20016,0,0,0,0,98.7524
0.194,82.2123,7.19264,0,0,0,0,98.752
0.196,82.1527,7.18743,0,0,0,0,98.7516
0.198,82.2515,7.19607,0,0,0,0,98.7513
0.2,82.3767,7.20703,0,0,0,0,98.7509
0.202,82.502,7.21799,0,0,0,0,98.7505
0.204,82.6274,7.22896,0,0,0,0,98.7501
0.206,82.7528,7.23993,0,0,0,0,98.7497
0.208,82.8782,7.2509,0,0,0,0,98.7493
0.21,83.0036,7.26187,0,0,0,0,98.7489
0.212,83.129,7.27285,0,0,0,0,98.7485
0.214,83.2544,7.28382,0,0,0,0,98.7481
0.217,83.4732,6.60997,0,0,0,0,98.7475
0.2215,83.7101,6.64165,0,0,0,0,98.7465
0.22825,84.0655,6.69156,0,0,0,0,98.7451
0.23825,84.5946,6.77121,0,0,0,0,98.7428
0.24825,85.2205,6.86627,0,0,0,0,98.7405
0.25825,85.4119,6.89999,0,0,0,0,98.738
0.26825,85.0219,6.88364,0,0,0,0,98.7355
0.27825,84.628,6.87468,0,0,0,0,98.7328
0.28825,84.233,6.8736,0,0,0,0,98.7301
0.29825,83.8504,6.88181,0,0,0,0,98.7272
0.30825,83.8273,6.90664,0,0,0,0,98.7243
0.31825,83.9639,6.94935,0,0,0,0,98.7212
0.32825,84.0997,7.00105,0,0,0,0,98.7181
0.33825,84.2346,7.0622,0,0,0,0,98.7149
0.34825,84.3685,7.13327,0,0,0,0,98.7115
0.35825,84.5003,7.23814,0,0,0,0,98.7081
0.36825,84.6307,7.35916,0,0,0,0,98.7045
0.37825,84.6136,7.47756,0,0,0,0,98.7009
0.38825,84.0461,7.55357,0,0,0,0,98.6972
0.39825,83.4242,7.63462,0,0,0,0,98.6933
0.40825,82.8029,7.6853,0,0,0,0,98.6894
0.41825,82.1976,7.73876,0,0,0,0,98.6854
0.42825,82.0529,7.85036,0,0,0,0,98.6813
0.43825,82.1129,7.99556,0,0,0,0,98.6771
0.44825,82.1713,8.15359,0,0,0,0,98.6727
0.45825,82.2247,8.37596,0,0,0,0,98.6683
0.46825,82.2753,8.62313,0,0,0,0,98.6638
0.47825,82.3238,8.88432,0,0,0,0,98.6592
0.48825,82.3699,9.15949,0,0,0,0,98.6545
0.49825,82.4136,9.44854,0,0,0,0,98.6497
0.50825,82.4556,9.74059,0,0,0,0,98.6448
0.51825,82.4951,10.044,0,0,0,0,98.6398
0.52825,82.5318,10.3611,0,0,0,0,98.6348
0.53825,82.5657,10.6915,0,0,0,0,98.6296
0.54825,82.5966,11.0351,0,0,0,0,98.6243
0.55825,82.6269,11.3649,0,0,0,0,98.6189
0.56825,82.6547,11.7018,0,0,0,0,98.6135
0.57825,82.6794,12.0514,0,0,0,0,98.6079
0.58825,82.7009,12.4135,0,0,0,0,98.6022
0.59825,82.7189,12.7879,0,0,0,0,98.5965
0.60825,82.7049,13.1605,0,0,0,0,98.5906
0.61825,82.6316,13.5339,0,0,0,0,98.5846
0.62825,82.5533,13.9179,0,0,0,0,98.5786
0.63825,82.4712,14.3126,0,0,0,0,98.5724
0.64825,82.3854,14.7174,0,0,0,0,98.5662
0.65825,82.2926,15.1544,0,0,0,0,98.5598
0.66825,82.1949,15.605,0,0,0,0,98.5534
0.67825,82.093,16.0637,0,0,0,0,98.5469
0.68825,81.9869,16.5294,0,0,0,0,98.5402
0.69825,81.8767,17.0012,0,0,0,0,98.5335
0.70825,81.769,17.4402,0,0,0,0,98.5267
0.71825,81.6591,17.8758,0,0,0,0,98.5198
0.72825,81.5458,18.3153,0,0,0,0,98.5128
0.73825,81.429,18.7582,0,0,0,0,98.5056
0.74825,81.3089,19.2037,0,0,0,0,98.4984
0.75825,81.1765,19.6965,0,0,0,0,98.4911
0.76825,81.0382,20.2014,0,0,0,0,98.4837
0.77825,80.8955,20.7096,0,0,0,0,98.4762
0.78825,80.7489,21.2188,0,0,0,0,98.4687
0.79825,80.575,21.722,0,0,0,0,98.461
0.80825,80.3912,22.1584,0,0,0,0,98.4532
0.81825,80.2092,22.5761,0,0,0,0,98.4453
0.82825,80.0263,22.9866,0,0,0,0,98.4374
0.83825,79.8429,23.3888,0,0,0,0,98.4293
0.84825,79.6595,23.7817,0,0,0,0,98.4212
0.85825,79.4471,24.2773,0,0,0,0,98.4129
0.86825,79.2272,24.7884,0,0,0,0,98.4046
0.87825,79.0068,25.2888,0,0,0,0,98.3962
0.88825,78.787,25.7753,0,0,0,0,98.3876
0.89825,78.569,26.245,0,0,0,0,98.379
0.90825,78.375,26.6216,0,0,0,0,98.3703
0.91825,78.1907,26.9585,0,0,0,0,98.3615
0.92825,78.0127,27.2692,0,0,0,0,98.3526
0.93825,77.8417,27.5521,0,0,0,0,98.3437
0.94825,77.6786,27.8054,0,0,0,0,98.3346
0.95825,77.5307,28.0056,0,0,0,0,98.3254
0.96825,77.3936,28.1686,0,0,0,0,98.3162
0.97825,77.2665,28.2979,0,0,0,0,98.3068
0.98825,77.1498,28.3929,0,0,0,0,98.2974
0.99825,77.0439,28.4527,0,0,0,0,98.2879
1.00825,76.9346,28.5243,0,0,0,0,98.2783
1.01825,76.8334,28.5698,0,0,0,0,98.2686
1.02825,76.7439,28.5783,0,0,0,0,98.2588
1.03825,76.6662,28.5492,0,0,0,0,98.2489
1.04825,76.6005,28.4817,0,0,0,0,98.2389
1.05825,76.5627,28.3229,0,0,0,0,98.2288
1.06825,76.5403,28.1153,0,0,0,0,98.2187
1.07825,76.5447,27.8758,0,0,0,0,98.2084
1.08825,76.5667,27.6034,0,0,0,0,98.1981
1.09825,76.5979,27.2978,0,0,0,0,98.1877
1.10825,76.6035,27.0783,0,0,0,0,98.1772
1.11825,76.6105,26.8529,0,0,0,0,98.1666
1.12825,76.6258,26.5971,0,0,0,0,98.1559
1.13825,76.6489,26.3116,0,0,0,0,98.1451
1.14825,76.6793,25.9974,0,0,0,0,98.1342
1.15825,76.7349,25.5874,0,0,0,0,98.1233
1.16825,76.7993,25.1382,0,0,0,0,98.1122
1.17825,76.8671,24.6674,0,0,0,0,98.1011
1.18825,76.9372,24.1784,0,0,0,0,98.0899
1.19825,77.0082,23.6747,0,0,0,0,98.0785
1.20825,77.0948,23.0962,0,0,0,0,98.0671
1.21825,77.1819,22.4989,0,0,0,0,98.0556
1.22825,77.2656,21.8979,0,0,0,0,98.044
1.23825,77.3464,21.2918,0,0,0,0,98.0323
1.24825,77.4229,20.6864,0,0,0,0,98.0206
1.25825,77.4877,20.1158,0,0,0,0,98.0087
1.26825,77.5253,19.5606,0,0,0,0,97.9968
1.27825,77.5056,19.0136,0,0,0,0,97.9847
1.28825,77.4745,18.4924,0,0,0,0,97.9726
1.29825,77.4339,18.0033,0,0,0,0,97.9604
1.30825,77.3646,17.6445,0,0,0,0,97.948
1.31825,77.2808,17.349,0,0,0,0,97.9356
1.32825,77.1864,17.1002,0,0,0,0,97.9231
1.33825,77.0811,16.9003,0,0,0,0,97.9105
1.34825,76.9647,16.7512,0,0,0,0,97.8979
1.35825,76.8638,16.5175,0,0,0,0,97.8851
1.36825,76.7569,16.3089,0,0,0,0,97.8722
1.37825,76.6379,16.158,0,0,0,0,97.8593
1.38825,76.5063,16.068,0,0,0,0,97.8463
1.39825,76.3616,16.0412,0,0,0,0,97.8331
1.40825,76.1833,16.1834,0,0,0,0,97.8199
1.41825,75.987,16.4107,0,0,0,0,97.8066
1.42825,75.7773,16.6979,0,0,0,0,97.7932
1.43825,75.5542,17.0413,0,0,0,0,97.7797
1.44825,75.3183,17.4361,0,0,0,0,97.7662
1.45825,75.07,17.8776,0,0,0,0,97.7525
1.46825,74.8099,18.3595,0,0,0,0,97.7388
1.47825,74.539,18.8751,0,0,0,0,97.7249
1.48825,74.2584,19.4176,0,0,0,0,97.711
1.49825,73.9692,19.9797,0,0,0,0,97.697
1.50825,73.6771,20.5355,0,0,0,0,97.6829
1.51825,73.3875,21.0943,0,0,0,0,97.6687
1.52825,73.0989,21.6545,0,0,0,0,97.6545
1.53825,72.8066,22.2131,0,0,0,0,97.6401
1.54825,72.5127,22.7627,0,0,0,0,97.6257
1.55825,72.2427,23.2051,0,0,0,0,97.6111
1.56825,71.9817,23.6038,0,0,0,0,97.5965
1.57825,71.7267,23.9725,0,0,0,0,97.5818
1.58825,71.4795,24.3065,0,0,0,0,97.5671
1.59825,71.242,24.601,0,0,0,0,97.5522
1.60825,71.0098,24.8736,0,0,0,0,97.5373
1.61825,70.7891,25.1034,0,0,0,0,97.5222
1.62825,70.5825,25.2825,0,0,0,0,97.5071
1.63825,70.3912,25.408,0,0,0,0,97.4922
1.64825,70.2162,25.4779,0,0,0,0,97.4773
1.65825,70.0303,25.5905,0,0,0,0,97.4623
1.66825,69.8561,25.6648,0,0,0,0,97.4473
1.67825,69.7003,25.6778,0,0,0,0,97.4322
1.68825,69.5634,25.6278,0,0,0,0,97.417
1.69825,69.4454,25.5146,0,0,0,0,97.4017
1.70825,69.3283,25.4031,0,0,0,0,97.3864
1.71825,69.2259,25.243,0,0,0,0,97.371
1.72825,69.1414,25.0216,0,0,0,0,97.3555
1.73825,69.0739,24.7411,0,0,0,0,97.3399
1.74825,69.0186,24.4037,0,0,0,0,97.3242
1.75825,68.9045,23.949,0,0,0,0,97.3085
1.76825,68.7668,23.4307,0,0,0,0,97.2927
1.77825,68.6372,22.8759,0,0,0,0,97.2768
1.78825,68.5128,22.293,0,0,0,0,97.2608
1.79825,68.3909,21.6907,0,0,0,0,97.2447
1.80825,68.2881,20.9997,0,0,0,0,97.2286
1.81825,68.1856,20.2913,0,0,0,0,97.2124
1.82825,68.078,19.5879,0,0,0,0,97.1961
1.83825,67.962,18.9021,0,0,0,0,97.1798
1.84825,67.835,18.2468,0,0,0,0,97.1633
1.85825,67.6896,17.6559,0,0,0,0,97.1468
1.86825,67.5386,17.1272,0,0,0,0,97.1302
1.87825,67.5248,16.7026,0,0,0,0,97.1135
1.88825,67.5414,16.3641,0,0,0,0,97.0968
1.89825,67.538,16.1068,0,0,0,0,97.08
1.90825,67.5019,15.9908,0,0,0,0,97.0631
1.91825,67.4422,15.976,0,0,0,0,97.0461
1.92825,67.3613,16.0512,0,0,0,0,97.029
1.93825,67.2596,16.2144,0,0,0,0,97.0119
1.94825,67.1377,16.4612,0,0,0,0,96.9947
1.95825,67.0065,16.7413,0,0,0,0,96.9774
1.96825,66.8592,17.0837,0,0,0,0,96.96
1.97825,66.6949,17.4898,0,0,0,0,96.9426
1.98825,66.5154,17.95,0,0,0,0,96.9251
1.99825,66.2666,18.4391,0,0,0,0,96.9075
2.00825,65.2485,18.7816,0,0,0,0,96.8898
2.01825,63.9843,19.0802,0,0,0,0,96.8721
2.02825,62.717,19.379,0,0,0,0,96.8543
2.03825,61.4486,19.6697,0,0,0,0,96.8364
2.04825,60.1825,19.941,0,0,0,0,96.8184
2.05825,58.931,20.1473,0,0,0,0,96.8004
2.06825,57.6916,20.3019,0,0,0,0,96.7823
2.07825,56.4663,20.4012,0,0,0,0,96.7642
2.08825,55.2582,20.4359,0,0,0,0,96.746
2.09825,53.939,20.3617,0,0,0,0,96.7277
2.10825,51.9368,20.016,0,0,0,0,96.7094
2.11825,49.8533,19.5586,0,0,0,0,96.691
2.12825,47.7953,19.0169,0,0,0,0,96.6725
2.13825,45.7624,18.3925,0,0,0,0,96.654
2.14825,43.7537,17.6887,0,0,0,0,96.6354
2.15825,41.7662,16.9154,0,0,0,0,96.6168
2.16825,40.0923,16.1588,0,0,0,0,96.5982
2.17825,38.7055,15.4195,0,0,0,0,96.5795
2.18825,37.3324,14.6322,0,0,0,0,96.5607
2.19825,35.9693,13.8081,0,0,0,0,96.542
2.20825,34.5913,13.0425,0,0,0,0,96.5231
2.21825,33.2128,12.2781,0,0,0,0,96.5043
2.22825,31.8356,11.5069,0,0,0,0,96.4854
2.23825,30.4571,10.7381,0,0,0,0,96.4665
2.24825,29.0755,9.97894,0,0,0,0,96.4475
2.25825,27.6809,9.26902,0,0,0,0,96.4285
2.26825,26.3472,8.60986,0,0,0,0,96.4095
2.27825,25.3893,8.08479,0,0,0,0,96.3904
2.28825,24.4799,7.61252,0,0,0,0,96.3713
2.29825,23.5598,7.18285,0,0,0,0,96.3522
2.30825,22.6604,6.66251,0,0,0,0,96.3331
2.31825,21.7545,6.16672,0,0,0,0,96.3139
2.32825,20.8341,5.73079,0,0,0,0,96.2947
2.33825,19.8983,5.35957,0,0,0,0,96.2755
2.34825,18.9467,5.05565,0,0,0,0,96.2562
2.35825,17.9922,4.76305,0,0,0,0,96.237
2.36825,17.0245,4.52694,0,0,0,0,96.2177
2.37825,16.041,4.35819,0,0,0,0,96.1984
2.38825,15.0425,4.2532,0,0,0,0,96.1791
2.39825,14.0454,4.21107,0,0,0,0,96.1598
2.40825,13.0446,4.28574,0,0,0,0,96.1404
2.41825,12.0306,4.4127,0,0,0,0,96.1211
2.42825,11.0089,4.56744,0,0,0,0,96.1017
2.43825,9.98224,4.73763,0,0,0,0,96.0823
2.44825,8.95365,4.91139,0,0,0,0,96.0629
2.45825,7.92913,5.06499,0,0,0,0,96.0435
2.46825,6.90828,5.20143,0,0,0,0,96.0241
2.47825,5.89351,5.31301,0,0,0,0,96.0047
2.48825,4.88781,5.39021,0,0,0,0,95.9852
2.49825,3.89399,5.42451,0,0,0,0,95.9658
2.50825,2.8955,5.48137,0,0,0,0,95.9464
2.51825,1.91001,5.49501,0,0,0,0,95.9269
2.52825,0.943937,5.44345,0,0,0,0,95.9075
2.53825,-0.000928827,5.32214,0,0,0,0,95.888
2.54825,-0.923603,5.12882,0,0,0,0,95.8686
2.55825,-1.80948,4.80941,0,0,0,0,95.8492
2.56825,-2.67143,4.41141,0,0,0,0,95.8297
2.57825,-3.51327,3.95276,0,0,0,0,95.8103
2.58825,-4.23437,3.47035,0,0,0,0,95.7909
2.59825,-4.87637,2.96223,0,0,0,0,95.7714
2.60825,-5.53528,2.52288,0,0,0,0,95.752
2.61825,-6.1915,2.07659,0,0,0,0,95.7326
2.62825,-6.84173,1.60912,0,0,0,0,95.7132
2.63825,-7.48848,1.12861,0,0,0,0,95.6938
2.64825,-8.1342,0.643302,0,0,0,0,95.6744
2.65825,-8.76806,0.108572,0,0,0,0,95.655
2.66825,-9.40265,0.42692,0,0,0,0,95.6357
2.67825,-10.0431,0.942608,0,0,0,0,95.6163
2.68825,-10.6913,1.43002,0,0,0,0,95.597
2.69825,-11.3167,1.87289,0,0,0,0,95.5776
2.70825,-11.7459,2.3577,0,0,0,0,95.5583
2.71825,-12.1554,2.81151,0,0,0,0,95.539
2.72825,-12.5802,3.20516,0,0,0,0,95.5197
2.73825,-13.0214,3.53193,0,0,0,0,95.5005
2.74825,-13.4797,3.78735,0,0,0,0,95.4812
2.75825,-14.0034,3.76406,0,0,0,0,95.4619
2.76825,-14.4576,3.60927,0,0,0,0,95.4427
2.77825,-14.6726,3.33475,0,0,0,0,95.4235
2.78825,-14.8853,3.01393,0,0,0,0,95.4043
2.79825,-15.107,2.66173,0,0,0,0,95.3851
2.80825,-15.2968,2.44733,0,0,0,0,95.366
2.81825,-15.4836,2.24936,0,0,0,0,95.3468
2.82825,-15.674,2.04055,0,0,0,0,95.3277
2.83825,-15.8663,1.82781,0,0,0,0,95.3086
2.84825,-16.0588,1.61767,0,0,0,0,95.2895
2.85825,-16.2709,1.33265,0,0,0,0,95.2704
2.86825,-16.4842,1.04643,0,0,0,0,95.2514
2.87825,-16.6916,0.784878,0,0,0,0,95.2323
2.88825,-16.8907,0.555589,0,0,0,0,95.2133
2.89825,-17.0793,0.365071,0,0,0,0,95.1943
2.90825,-17.2132,0.378542,0,0,0,0,95.1754
2.91825,-17.3259,0.467222,0,0,0,0,95.1564
2.92825,-17.4269,0.595227,0,0,0,0,95.1375
2.93825,-17.5173,0.758638,0,0,0,0,95.1186
2.94825,-17.5983,0.953637,0,0,0,0,95.0997
2.95825,-17.6813,1.13741,0,0,0,0,95.0808
2.96825,-17.7598,1.33591,0,0,0,0,95.0619
2.97825,-17.8329,1.553,0,0,0,0,95.0431
2.98825,-17.9023,1.78328,0,0,0,0,95.0243
2.99825,-17.9695,2.02159,0,0,0,0,95.0055
3,-18.04,-2.08078,0,0,0,0,95.001
3.01,-18.031,-2.07422,0,0,0,0,94.985
3.02,-18.0079,-2.06982,0,0,0,0,94.966
3.03,-17.9832,-2.07111,0,0,0,0,94.95
3.04,-17.9572,-2.07761,0,0,0,0,94.931
3.05,-17.9248,-2.10873,0,0,0,0,94.908
3.06,-17.8581,-2.27362,0,0,0,0,94.899
3.07,-17.7873,-2.45555,0,0,0,0,94.874
3.08,-17.7189,-2.63029,0,0,0,0,94.854
3.09,-17.654,-2.79355,0,0,0,0,94.836
3.1,-17.5983,-2.92295,0,0,0,0,94.825
3.11,-17.578,-2.91445,0,0,0,0,94.802
3.12,-17.5668,-2.87123,0,0,0,0,94.793
3.13,-17.5598,-2.81298,0,0,0,0,94.766
3.14,-17.5566,-2.74143,0,0,0,0,94.749
3.15,-17.5522,-2.67539,0,0,0,0,94.732
3.16,-17.5223,-2.71129,0,0,0,0,94.709
3.17,-17.4916,-2.75157,0,0,0,0,94.694
3.18,-17.4646,-2.77819,0,0,0,0,94.672
3.19,-17.4416,-2.79057,0,0,0,0,94.663
3.2,-17.424,-2.78306,0,0,0,0,94.643
3.21,-17.4196,-2.72519,0,0,0,0,94.62
3.22,-17.4198,-2.65036,0,0,0,0,94.606
3.23,-17.4228,-2.56614,0,0,0,0,94.587
3.24,-17.4279,-2.47473,0,0,0,0,94.575
3.25,-17.4345,-2.37881,0,0,0,0,94.557
3.26,-17.4415,-2.28255,0,0,0,0,94.537
3.27,-17.4487,-2.18629,0,0,0,0,94.519
3.28,-17.4556,-2.09177,0,0,0,0,94.502
3.29,-17.4617,-2.00094,0,0,0,0,94.48
3.3,-17.466,-1.91703,0,0,0,0,94.465
3.31,-17.4661,-1.8489,0,0,0,0,94.445
3.32,-17.4635,-1.79085,0,0,0,0,94.432
3.33,-17.4582,-1.74269,0,0,0,0,94.411
3.34,-17.4498,-1.70531,0,0,0,0,94.4
3.35,-17.4402,-1.67169,0,0,0,0,94.377
3.36,-17.4407,-1.5996,0,0,0,0,94.363
3.37,-17.4392,-1.53389,0,0,0,0,94.341
3.38,-17.4333,-1.48349,0,0,0,0,94.319
3.39,-17.4227,-1.44924,0,0,0,0,94.307
3.4,-17.3998,-1.4597,0,0,0,0,94.288
3.41,-17.3227,-1.67114,0,0,0,0,94.267
3.42,-17.2366,-1.91708,0,0,0,0,94.255
3.43,-17.1506,-2.16327,0,0,0,0,94.237
3.44,-17.0662,-2.40541,0,0,0,0,94.218
3.45,-16.9916,-2.61254,0,0,0,0,94.206
3.46,-16.9664,-2.63293,0,0,0,0,94.182
3.47,-16.9516,-2.61531,0,0,0,0,94.164
3.48,-16.9398,-2.58686,0,0,0,0,94.15
3.49,-16.9311,-2.54835,0,0,0,0,94.134
3.5,-16.9217,-2.51288,0,0,0,0,94.114
3.51,-16.894,-2.54822,0,0,0,0,94.097
3.52,-16.866,-2.58529,0,0,0,0,94.078
3.53,-16.8412,-2.61129,0,0,0,0,94.07
3.54,-16.8197,-2.62576,0,0,0,0,94.052
3.55,-16.8086,-2.60204,0,0,0,0,94.025
3.56,-16.8469,-2.39388,0,0,0,0,94.018
3.57,-16.8932,-2.15747,0,0,0,0,93.992
3.58,-16.9392,-1.92398,0,0,0,0,93.977
3.59,-16.9838,-1.69729,0,0,0,0,93.962
3.6,-17.0191,-1.50515,0,0,0,0,93.943
3.61,-17.0085,-1.48158,0,0,0,0,93.931
3.62,-16.9875,-1.49461,0,0,0,0,93.913
3.63,-16.9629,-1.52007,0,0,0,0,93.888
3.64,-16.9349,-1.55697,0,0,0,0,93.872
3.65,-16.9039,-1.6038,0,0,0,0,93.856
3.66,-16.871,-1.65681,0,0,0,0,93.843
3.67,-16.836,-1.71709,0,0,0,0,93.823
3.68,-16.7992,-1.78361,0,0,0,0,93.81
3.69,-16.761,-1.85471,0,0,0,0,93.791
3.7,-16.7264,-1.91271,0,0,0,0,93.771
3.71,-16.7202,-1.86646,0,0,0,0,93.757
3.72,-16.7172,-1.80835,0,0,0,0,93.738
3.73,-16.7125,-1.75577,0,0,0,0,93.721
3.74,-16.7061,-1.70953,0,0,0,0,93.711
3.75,-16.6924,-1.6892,0,0,0,0,93.685
3.76,-16.6431,-1.79971,0,0,0,0,93.667
3.77,-16.5881,-1.93135,0,0,0,0,93.658
3.78,-16.5335,-2.06217,0,0,0,0,93.635
3.79,-16.48,-2.18996,0,0,0,0,93.622
3.8,-16.431,-2.30232,0,0,0,0,93.607
3.81,-16.4017,-2.34194,0,0,0,0,93.588
3.82,-16.3775,-2.36376,0,0,0,0,93.571
3.83,-16.3557,-2.3773,0,0,0,0,93.555
3.84,-16.3365,-2.38237,0,0,0,0,93.543
3.85,-16.321,-2.37434,0,0,0,0,93.521
3.86,-16.3159,-2.32826,0,0,0,0,93.508
3.87,-16.314,-2.27089,0,0,0,0,93.488
3.88,-16.3138,-2.20808,0,0,0,0,93.475
3.89,-16.3149,-2.14125,0,0,0,0,93.454
3.9,-16.3143,-2.08112,0,0,0,0,93.443
3.91,-16.2974,-2.08204,0,0,0,0,93.424
3.92,-16.2787,-2.08965,0,0,0,0,93.412
3.93,-16.261,-2.09417,0,0,0,0,93.391
3.94,-16.2443,-2.09547,0,0,0,0,93.377
3.95,-16.2292,-2.09111,0,0,0,0,93.361
3.96,-16.2196,-2.06703,0,0,0,0,93.342
3.97,-16.2114,-2.03807,0,0,0,0,93.323
3.98,-16.2038,-2.00742,0,0,0,0,93.308
3.99,-16.1966,-1.97565,0,0,0,0,93.289
4,-16.1869,-1.95304,0,0,0,0,93.269
4.01,-16.1599,-1.99424,0,0,0,0,93.26
4.02,-16.1309,-2.04315,0,0,0,0,93.245
4.03,-16.1027,-2.08898,0,0,0,0,93.227
4.04,-16.0758,-2.13081,0,0,0,0,93.209
4.05,-16.0546,-2.15234,0,0,0,0,93.193
4.06,-16.0629,-2.06657,0,0,0,0,93.181
4.07,-16.0761,-1.96387,0,0,0,0,93.163
4.08,-16.0893,-1.86187,0,0,0,0,93.15
4.09,-16.102,-1.76224,0,0,0,0,93.132
4.1,-16.109,-1.68322,0,0,0,0,93.118
4.11,-16.084,-1.71877,0,0,0,0,93.093
4.12,-16.0536,-1.77385,0,0,0,0,93.08
4.13,-16.0226,-1.8304,0,0,0,0,93.068
4.14,-15.9916,-1.88742,0,0,0,0,93.054
4.15,-15.9638,-1.93286,0,0,0,0,93.027
4.16,-15.9567,-1.90451,0,0,0,0,93.017
4.17,-15.9526,-1.86548,0,0,0,0,93.006
4.18,-15.9483,-1.82745,0,0,0,0,92.985
4.19,-15.9435,-1.79112,0,0,0,0,92.966
4.2,-15.9381,-1.75734,0,0,0,0,92.948
4.21,-15.9313,-1.7282,0,0,0,0,92.936
4.22,-15.9235,-1.70264,0,0,0,0,92.922
4.23,-15.9146,-1.68073,0,0,0,0,92.905
4.24,-15.9046,-1.66275,0,0,0,0,92.888
4.25,-15.8946,-1.64457,0,0,0,0,92.873
4.26,-15.8914,-1.60208,0,0,0,0,92.859
4.27,-15.8878,-1.56072,0,0,0,0,92.844
4.28,-15.8824,-1.52543,0,0,0,0,92.82
4.29,-15.875,-1.49668,0,0,0,0,92.811
4.3,-15.8632,-1.48269,0,0,0,0,92.792
4.31,-15.8347,-1.52699,0,0,0,0,92.779
4.32,-15.8024,-1.58419,0,0,0,0,92.76
4.33,-15.7689,-1.64512,0,0,0,0,92.75
4.34,-15.7348,-1.70857,0,0,0,0,92.733
4.35,-15.6985,-1.77966,0,0,0,0,92.712
4.36,-15.6502,-1.89327,0,0,0,0,92.697
4.37,-15.601,-2.01082,0,0,0,0,92.688
4.38,-15.5533,-2.12373,0,0,0,0,92.67
4.39,-15.5077,-2.22989,0,0,0,0,92.646
4.4,-15.4701,-2.30896,0,0,0,0,92.638
4.41,-15.4698,-2.25645,0,0,0,0,92.622
4.42,-15.477,-2.17837,0,0,0,0,92.602
4.43,-15.4858,-2.09493,0,0,0,0,92.585
4.44,-15.496,-2.00773,0,0,0,0,92.575
4.45,-15.5027,-1.9334,0,0,0,0,92.555
4.46,-15.4815,-1.95719,0,0,0,0,92.545
4.47,-15.4571,-1.9929,0,0,0,0,92.527
4.48,-15.4339,-2.02469,0,0,0,0,92.506
4.49,-15.4121,-2.05205,0,0,0,0,92.499
4.5,-15.3949,-2.0645,0,0,0,0,92.478
4.51,-15.3981,-2.00614,0,0,0,0,92.464
4.52,-15.4052,-1.93492,0,0,0,0,92.457
4.53,-15.4128,-1.86231,0,0,0,0,92.435
4.54,-15.4206,-1.78952,0,0,0,0,92.42
4.55,-15.4267,-1.723,0,0,0,0,92.409
4.56,-15.4222,-1.69307,0,0,0,0,92.395
4.57,-15.4157,-1.67034,0,0,0,0,92.374
4.58,-15.4086,-1.64976,0,0,0,0,92.359
4.59,-15.4007,-1.63165,0,0,0,0,92.343
4.6,-15.393,-1.61269,0,0,0,0,92.333
4.61,-15.3912,-1.57366,0,0,0,0,92.315
4.62,-15.3893,-1.53499,0,0,0,0,92.302
4.63,-15.386,-1.50075,0,0,0,0,92.29
4.64,-15.3812,-1.47146,0,0,0,0,92.275
4.65,-15.3723,-1.45556,0,0,0,0,92.254
4.66,-15.346,-1.49849,0,0,0,0,92.239
4.67,-15.3161,-1.55321,0,0,0,0,92.229
4.68,-15.2855,-1.61051,0,0,0,0,92.213
4.69,-15.2544,-1.66923,0,0,0,0,92.2
4.7,-15.2223,-1.73129,0,0,0,0,92.183
4.71,-15.1848,-1.81204,0,0,0,0,92.163
4.72,-15.1471,-1.89364,0,0,0,0,92.15
4.73,-15.1105,-1.97182,0,0,0,0,92.136
4.74,-15.0755,-2.04527,0,0,0,0,92.122
4.75,-15.044,-2.10711,0,0,0,0,92.109
4.76,-15.0257,-2.12476,0,0,0,0,92.094
4.77,-15.0111,-2.13011,0,0,0,0,92.078
4.78,-14.9987,-2.12886,0,0,0,0,92.066
4.79,-14.9883,-2.12118,0,0,0,0,92.051
4.8,-14.98,-2.10696,0,0,0,0,92.035
4.81,-14.9742,-2.0851,0,0,0,0,92.02
4.82,-14.9702,-2.05754,0,0,0,0,92.002
4.83,-14.9679,-2.02513,0,0,0,0,91.995
4.84,-14.967,-1.98848,0,0,0,0,91.981
4.85,-14.971,-1.93601,0,0,0,0,91.964
4.86,-15.0002,-1.80024,0,0,0,0,91.945
4.87,-15.033,-1.6535,0,0,0,0,91.935
4.88,-15.0652,-1.50977,0,0,0,0,91.915
4.89,-15.096,-1.37115,0,0,0,0,91.906
4.9,-15.1214,-1.25049,0,0,0,0,91.892
4.91,-15.1223,-1.20974,0,0,0,0,91.879
4.92,-15.117,-1.18845,0,0,0,0,91.865
4.93,-15.1088,-1.17592,0,0,0,0,91.849
4.94,-15.0977,-1.17216,0,0,0,0,91.829
4.95,-15.0828,-1.17992,0,0,0,0,91.821
4.96,-15.0592,-1.21507,0,0,0,0,91.801
4.97,-15.0322,-1.26038,0,0,0,0,91.786
4.98,-15.0031,-1.31203,0,0,0,0,91.784
4.99,-14.9723,-1.36898,0,0,0,0,91.76
5,-14.9425,-1.42213,0,0,0,0,91.745
5.01,-14.9281,-1.42524,0,0,0,0,91.734
5.02,-14.9148,-1.42435,0,0,0,0,91.716
5.03,-14.9002,-1.42753,0,0,0,0,91.706
5.04,-14.8843,-1.43456,0,0,0,0,91.689
5.05,-14.8669,-1.44627,0,0,0,0,91.675
5.06,-14.8463,-1.46813,0,0,0,0,91.659
5.07,-14.8245,-1.49374,0,0,0,0,91.647
5.08,-14.8021,-1.52157,0,0,0,0,91.63
5.09,-14.7791,-1.55103,0,0,0,0,91.622
5.1,-14.7574,-1.57637,0,0,0,0,91.603
5.11,-14.7461,-1.56777,0,0,0,0,91.589
5.12,-14.7361,-1.55514,0,0,0,0,91.574
5.13,-14.7256,-1.54383,0,0,0,0,91.561
5.14,-14.7147,-1.53401,0,0,0,0,91.553
5.15,-14.6989,-1.5403,0,0,0,0,91.536
5.16,-14.6532,-1.64424,0,0,0,0,91.514
5.17,-14.6038,-1.76129,0,0,0,0,91.504
5.18,-14.5556,-1.87513,0,0,0,0,91.491
5.19,-14.5092,-1.98402,0,0,0,0,91.475
5.2,-14.4692,-2.0725,0,0,0,0,91.463
5.21,-14.4593,-2.06199,0,0,0,0,91.448
5.22,-14.4558,-2.031,0,0,0,0,91.439
5.23,-14.4543,-1.99399,0,0,0,0,91.421
5.24,-14.4545,-1.95159,0,0,0,0,91.405
5.25,-14.4529,-1.91601,0,0,0,0,91.396
5.26,-14.4297,-1.95221,0,0,0,0,91.377
5.27,-14.4049,-1.99415,0,0,0,0,91.367
5.28,-14.3822,-2.02962,0,0,0,0,91.357
5.29,-14.3618,-2.05812,0,0,0,0,91.34
5.3,-14.3439,-2.07928,0,0,0,0,91.328
5.31,-14.3284,-2.09251,0,0,0,0,91.312
5.32,-14.3155,-2.09811,0,0,0,0,91.297
5.33,-14.3051,-2.09616,0,0,0,0,91.288
5.34,-14.2971,-2.0868,0,0,0,0,91.265
5.35,-14.2918,-2.06921,0,0,0,0,91.266
5.36,-14.291,-2.03783,0,0,0,0,91.243
5.37,-14.2925,-1.99933,0,0,0,0,91.231
5.38,-14.296,-1.95548,0,0,0,0,91.214
5.39,-14.301,-1.90705,0,0,0,0,91.198
5.4,-14.311,-1.8433,0,0,0,0,91.183
5.41,-14.3458,-1.70119,0,0,0,0,91.179
5.42,-14.3842,-1.5487,0,0,0,0,91.156
5.43,-14.4222,-1.39875,0,0,0,0,91.145
5.44,-14.4591,-1.25299,0,0,0,0,91.133
5.45,-14.4905,-1.12549,0,0,0,0,91.117
5.46,-14.4938,-1.0861,0,0,0,0,91.107
5.47,-14.4905,-1.06628,0,0,0,0,91.093
5.48,-14.4847,-1.054,0,0,0,0,91.077
5.49,-14.4762,-1.04929,0,0,0,0,91.067
5.5,-14.47,-1.03687,0,0,0,0,91.049
5.51,-14.4938,-0.931577,0,0,0,0,91.037
5.52,-14.5191,-0.82117,0,0,0,0,91.028
5.53,-14.5405,-0.722304,0,0,0,0,91.012
5.54,-14.5574,-0.636221,0,0,0,0,91
5.55,-14.565,-0.57703,0,0,0,0,90.989
5.56,-14.5391,-0.618613,0,0,0,0,90.973
5.57,-14.5044,-0.685459,0,0,0,0,90.958
5.58,-14.466,-0.763094,0,0,0,0,90.946
5.59,-14.4241,-0.850175,0,0,0,0,90.934
5.6,-14.3802,-0.943467,0,0,0,0,90.913
5.61,-14.3378,-1.03165,0,0,0,0,90.904
5.62,-14.2942,-1.12334,0,0,0,0,90.888
5.63,-14.2495,-1.21886,0,0,0,0,90.88
5.64,-14.2042,-1.31679,0,0,0,0,90.868
5.65,-14.1618,-1.40589,0,0,0,0,90.855
5.66,-14.1403,-1.4303,0,0,0,0,90.836
5.67,-14.1217,-1.44533,0,0,0,0,90.824
5.68,-14.1032,-1.4606,0,0,0,0,90.816
5.69,-14.0848,-1.47583,0,0,0,0,90.799
5.7,-14.0663,-1.49138,0,0,0,0,90.785
5.71,-14.0467,-1.51062,0,0,0,0,90.772
5.72,-14.0274,-1.52955,0,0,0,0,90.76
5.73,-14.0085,-1.54717,0,0,0,0,90.749
5.74,-13.9902,-1.56325,0,0,0,0,90.732
5.75,-13.9696,-1.58714,0,0,0,0,90.717
5.76,-13.9299,-1.67298,0,0,0,0,90.707
5.77,-13.8886,-1.76462,0,0,0,0,90.694
5.78,-13.8492,-1.85109,0,0,0,0,90.681
5.79,-13.8121,-1.93118,0,0,0,0,90.67
5.8,-13.7769,-2.00598,0,0,0,0,90.662
5.81,-13.7403,-2.08669,0,0,0,0,90.645
5.82,-13.7061,-2.16007,0,0,0,0,90.625
5.83,-13.6755,-2.223,0,0,0,0,90.614
5.84,-13.6485,-2.27475,0,0,0,0,90.597
5.85,-13.6275,-2.30804,0,0,0,0,90.587
5.86,-13.6237,-2.28529,0,0,0,0,90.58
5.87,-13.6256,-2.24488,0,0,0,0,90.569
5.88,-13.6309,-2.19423,0,0,0,0,90.558
5.89,-13.6393,-2.13423,0,0,0,0,90.535
5.9,-13.6488,-2.0715,0,0,0,0,90.528
5.91,-13.6493,-2.03864,0,0,0,0,90.51
5.92,-13.6507,-2.00387,0,0,0,0,90.503
5.93,-13.6545,-1.96204,0,0,0,0,90.49
5.94,-13.6604,-1.91385,0,0,0,0,90.472
5.95,-13.6682,-1.86066,0,0,0,0,90.453
5.96,-13.6765,-1.80662,0,0,0,0,90.448
5.97,-13.6861,-1.7491,0,0,0,0,90.431
5.98,-13.6971,-1.68828,0,0,0,0,90.419
5.99,-13.709,-1.62499,0,0,0,0,90.408
6,-13.7199,-1.5657,0,0,0,0,90.392
6.01,-13.7194,-1.54245,0,0,0,0,90.389
6.02,-13.7177,-1.52358,0,0,0,0,90.371
6.03,-13.7163,-1.50372,0,0,0,0,90.356
6.04,-13.7153,-1.48313,0,0,0,0,90.346
6.05,-13.7175,-1.45289,0,0,0,0,90.328
6.06,-13.7397,-1.36193,0,0,0,0,90.324
6.07,-13.7646,-1.26355,0,0,0,0,90.306
6.08,-13.7888,-1.16813,0,0,0,0,90.297
6.09,-13.8117,-1.07684,0,0,0,0,90.282
6.1,-13.8345,-0.986523,0,0,0,0,90.265
6.11,-13.8646,-0.87483,0,0,0,0,90.255
6.12,-13.8935,-0.7667,0,0,0,0,90.245
6.13,-13.9194,-0.667551,0,0,0,0,90.235
6.14,-13.9418,-0.578496,0,0,0,0,90.221
6.15,-13.9602,-0.500383,0,0,0,0,90.21
6.16,-13.9744,-0.433546,0,0,0,0,90.192
6.17,-13.9841,-0.379076,0,0,0,0,90.187
6.18,-13.9889,-0.3375,0,0,0,0,90.176
6.19,-13.9886,-0.309111,0,0,0,0,90.161
6.2,-13.9798,-0.303855,0,0,0,0,90.141
6.21,-13.9435,-0.376752,0,0,0,0,90.134
6.22,-13.8997,-0.47035,0,0,0,0,90.121
6.23,-13.8524,-0.573273,0,0,0,0,90.106
6.24,-13.8022,-0.684008,0,0,0,0,90.095
6.25,-13.7558,-0.783826,0,0,0,0,90.081
6.26,-13.7464,-0.774821,0,0,0,0,90.071
6.27,-13.7404,-0.755427,0,0,0,0,90.059
6.28,-13.7318,-0.743071,0,0,0,0,90.048
6.29,-13.7205,-0.737747,0,0,0,0,90.034
6.3,-13.7036,-0.748477,0,0,0,0,90.021
6.31,-13.6639,-0.826323,0,0,0,0,90.01
6.32,-13.6197,-0.917748,0,0,0,0,89.996
6.33,-13.5747,-1.01224,0,0,0,0,89.98
6.34,-13.5293,-1.10856,0,0,0,0,89.975
6.35,-13.4813,-1.21354,0,0,0,0,89.96
6.36,-13.4166,-1.37097,0,0,0,0,89.95
6.37,-13.3505,-1.53455,0,0,0,0,89.94
6.38,-13.2861,-1.69469,0,0,0,0,89.924
6.39,-13.2242,-1.8495,0,0,0,0,89.91
6.4,-13.1679,-1.98856,0,0,0,0,89.896
6.41,-13.1331,-2.06201,0,0,0,0,89.888
6.42,-13.1045,-2.11725,0,0,0,0,89.882
6.43,-13.0795,-2.16225,0,0,0,0,89.867
6.44,-13.0581,-2.19657,0,0,0,0,89.857
6.45,-13.0361,-2.23337,0,0,0,0,89.848
6.46,-12.9899,-2.34817,0,0,0,0,89.83
6.47,-12.944,-2.4634,0,0,0,0,89.822
6.48,-12.9028,-2.56421,0,0,0,0,89.814
6.49,-12.8669,-2.64947,0,0,0,0,89.793
6.5,-12.8386,-2.71059,0,0,0,0,89.782
6.51,-12.8319,-2.70362,0,0,0,0,89.773
6.52,-12.8328,-2.67283,0,0,0,0,89.763
6.53,-12.8387,-2.62666,0,0,0,0,89.748
6.54,-12.8496,-2.56596,0,0,0,0,89.737
6.55,-12.8673,-2.4846,0,0,0,0,89.72
6.56,-12.9043,-2.34416,0,0,0,0,89.711
6.57,-12.947,-2.18758,0,0,0,0,89.705
6.58,-12.9928,-2.02419,0,0,0,0,89.698
6.59,-13.0408,-1.85611,0,0,0,0,89.679
6.6,-13.0885,-1.69162,0,0,0,0,89.676
6.61,-13.1236,-1.56735,0,0,0,0,89.657
6.62,-13.1575,-1.4487,0,0,0,0,89.644
6.63,-13.1917,-1.33065,0,0,0,0,89.638
6.64,-13.2259,-1.21426,0,0,0,0,89.62
6.65,-13.2577,-1.10648,0,0,0,0,89.619
6.66,-13.2739,-1.04486,0,0,0,0,89.599
6.67,-13.287,-0.993092,0,0,0,0,89.589
6.68,-13.2987,-0.945184,0,0,0,0,89.578
6.69,-13.3091,-0.901584,0,0,0,0,89.562
6.7,-13.3204,-0.855384,0,0,0,0,89.558
6.71,-13.3471,-0.765711,0,0,0,0,89.543
6.72,-13.3743,-0.675242,0,0,0,0,89.539
6.73,-13.3988,-0.59228,0,0,0,0,89.518
6.74,-13.4203,-0.517687,0,0,0,0,89.51
6.75,-13.4395,-0.44935,0,0,0,0,89.495
6.76,-13.4617,-0.372247,0,0,0,0,89.485
6.77,-13.4809,-0.30289,0,0,0,0,89.476
6.78,-13.4957,-0.244656,0,0,0,0,89.464
6.79,-13.5059,-0.198012,0,0,0,0,89.451
6.8,-13.5117,-0.162219,0,0,0,0,89.444
6.81,-13.5151,-0.131418,0,0,0,0,89.439
6.82,-13.5139,-0.111849,0,0,0,0,89.419
6.83,-13.5076,-0.104588,0,0,0,0,89.409
6.84,-13.4963,-0.109473,0,0,0,0,89.393
6.85,-13.4766,-0.13543,0,0,0,0,89.39
6.86,-13.4296,-0.233629,0,0,0,0,89.374
6.87,-13.3757,-0.349994,0,0,0,0,89.361
6.88,-13.3189,-0.473732,0,0,0,0,89.349
6.89,-13.2599,-0.603356,0,0,0,0,89.345
6.9,-13.2,-0.735947,0,0,0,0,89.332
6.91,-13.1426,-0.862133,0,0,0,0,89.314
6.92,-13.0854,-0.988627,0,0,0,0,89.314
6.93,-13.0284,-1.11553,0,0,0,0,89.296
6.94,-12.9722,-1.24151,0,0,0,0,89.284
6.95,-12.9161,-1.36796,0,0,0,0,89.274
6.96,-12.8571,-1.50431,0,0,0,0,89.266
6.97,-12.799,-1.63916,0,0,0,0,89.251
6.98,-12.7431,-1.76932,0,0,0,0,89.244
6.99,-12.6897,-1.89341,0,0,0,0,89.234
7,-12.6453,-1.99307,0,0,0,0,89.222
7.01,-12.6433,-1.97107,0,0,0,0,89.212
7.02,-12.65,-1.9247,0,0,0,0,89.201
7.03,-12.6591,-1.87175,0,0,0,0,89.19
7.04,-12.6704,-1.81285,0,0,0,0,89.172
7.05,-12.6776,-1.76596,0,0,0,0,89.165
7.06,-12.6471,-1.82856,0,0,0,0,89.155
7.07,-12.613,-1.90181,0,0,0,0,89.149
7.08,-12.5817,-1.9676,0,0,0,0,89.129
7.09,-12.5535,-2.02528,0,0,0,0,89.123
7.1,-12.5303,-2.06851,0,0,0,0,89.111
7.11,-12.5238,-2.06435,0,0,0,0,89.102
7.12,-12.5223,-2.04596,0,0,0,0,89.093
7.13,-12.5238,-2.01952,0,0,0,0,89.082
7.14,-12.5282,-1.98545,0,0,0,0,89.067
7.15,-12.5374,-1.93838,0,0,0,0,89.056
7.16,-12.5625,-1.84629,0,0,0,0,89.045
7.17,-12.5918,-1.74378,0,0,0,0,89.04
7.18,-12.6226,-1.63788,0,0,0,0,89.026
7.19,-12.6546,-1.52975,0,0,0,0,89.013
7.2,-12.6876,-1.42002,0,0,0,0,89.011
7.21,-12.7221,-1.3072,0,0,0,0,88.994
7.22,-12.7567,-1.19503,0,0,0,0,88.983
7.23,-12.7912,-1.08447,0,0,0,0,88.971
7.24,-12.8253,-0.975909,0,0,0,0,88.961
7.25,-12.8576,-0.873088,0,0,0,0,88.954
7.26,-12.8817,-0.792868,0,0,0,0,88.937
7.27,-12.9032,-0.719931,0,0,0,0,88.934
7.28,-12.9228,-0.652046,0,0,0,0,88.921
7.29,-12.9403,-0.58978,0,0,0,0,88.907
7.3,-12.9546,-0.535812,0,0,0,0,88.898
7.31,-12.9608,-0.502777,0,0,0,0,88.886
7.32,-12.9635,-0.478529,0,0,0,0,88.881
7.33,-12.9634,-0.460998,0,0,0,0,88.869
7.34,-12.9605,-0.450231,0,0,0,0,88.855
7.35,-12.9498,-0.459158,0,0,0,0,88.846
7.36,-12.9035,-0.560031,0,0,0,0,88.839
7.37,-12.8507,-0.677772,0,0,0,0,88.824
7.38,-12.7969,-0.798154,0,0,0,0,88.814
7.39,-12.7425,-0.920017,0,0,0,0,88.804
7.4,-12.6926,-1.03042,0,0,0,0,88.79
7.41,-12.6723,-1.06238,0,0,0,0,88.782
7.42,-12.6563,-1.08309,0,0,0,0,88.778
7.43,-12.6401,-1.10427,0,0,0,0,88.758
7.44,-12.6238,-1.12572,0,0,0,0,88.755
7.45,-12.6093,-1.14257,0,0,0,0,88.746
7.46,-12.6064,-1.1284,0,0,0,0,88.727
7.47,-12.6053,-1.10995,0,0,0,0,88.724
7.48,-12.6039,-1.09207,0,0,0,0,88.709
7.49,-12.6022,-1.07488,0,0,0,0,88.703
7.5,-12.5976,-1.06541,0,0,0,0,88.688
7.51,-12.5754,-1.10238,0,0,0,0,88.682
7.52,-12.5507,-1.14611,0,0,0,0,88.672
7.53,-12.5262,-1.18941,0,0,0,0,88.662
7.54,-12.502,-1.23194,0,0,0,0,88.645
7.55,-12.479,-1.27161,0,0,0,0,88.636
7.56,-12.4609,-1.29833,0,0,0,0,88.633
7.57,-12.4442,-1.3217,0,0,0,0,88.619
7.58,-12.4282,-1.34323,0,0,0,0,88.601
7.59,-12.413,-1.36275,0,0,0,0,88.596
7.6,-12.3966,-1.38579,0,0,0,0,88.588
7.61,-12.3669,-1.44437,0,0,0,0,88.575
7.62,-12.3363,-1.50558,0,0,0,0,88.573
7.63,-12.3071,-1.56315,0,0,0,0,88.559
7.64,-12.2796,-1.61661,0,0,0,0,88.547
7.65,-12.2599,-1.64979,0,0,0,0,88.537
7.66,-12.2812,-1.57452,0,0,0,0,88.523
7.67,-12.3095,-1.48113,0,0,0,0,88.519
7.68,-12.3387,-1.38634,0,0,0,0,88.506
7.69,-12.3683,-1.29101,0,0,0,0,88.498
7.7,-12.3956,-1.2022,0,0,0,0,88.491
7.71,-12.4069,-1.1555,0,0,0,0,88.474
7.72,-12.4158,-1.11539,0,0,0,0,88.469
7.73,-12.4246,-1.07581,0,0,0,0,88.456
7.74,-12.4332,-1.03697,0,0,0,0,88.446
7.75,-12.4373,-1.00964,0,0,0,0,88.441
7.76,-12.4139,-1.05298,0,0,0,0,88.431
7.77,-12.3864,-1.10672,0,0,0,0,88.418
7.78,-12.3591,-1.16003,0,0,0,0,88.405
7.79,-12.3321,-1.21259,0,0,0,0,88.394
7.8,-12.3107,-1.25085,0,0,0,0,88.386
7.81,-12.3238,-1.20076,0,0,0,0,88.378
7.82,-12.342,-1.13769,0,0,0,0,88.372
7.83,-12.3601,-1.07534,0,0,0,0,88.362
7.84,-12.378,-1.01388,0,0,0,0,88.343
7.85,-12.3946,-0.956026,0,0,0,0,88.337
7.86,-12.4045,-0.915113,0,0,0,0,88.328
7.87,-12.4128,-0.878411,0,0,0,0,88.323
7.88,-12.4202,-0.843866,0,0,0,0,88.305
7.89,-12.4266,-0.811725,0,0,0,0,88.301
7.9,-12.4306,-0.785365,0,0,0,0,88.294
7.91,-12.425,-0.782774,0,0,0,0,88.276
7.92,-12.4171,-0.78585,0,0,0,0,88.272
7.93,-12.4081,-0.791322,0,0,0,0,88.262
7.94,-12.398,-0.799098,0,0,0,0,88.25
7.95,-12.3906,-0.800293,0,0,0,0,88.238
7.96,-12.4058,-0.745458,0,0,0,0,88.231
7.97,-12.4232,-0.684938,0,0,0,0,88.227
7.98,-12.4391,-0.627997,0,0,0,0,88.212
7.99,-12.4534,-0.575025,0,0,0,0,88.203
8,-12.4645,-0.529365,0,0,0,0,88.195
8.01,-12.4655,-0.50815,0,0,0,0,88.179
8.02,-12.4632,-0.494415,0,0,0,0,88.174
8.03,-12.4589,-0.485149,0,0,0,0,88.169
8.04,-12.4526,-0.480339,0,0,0,0,88.149
8.05,-12.4433,-0.48264,0,0,0,0,88.15
8.06,-12.4246,-0.507262,0,0,0,0,88.128
8.07,-12.4032,-0.538339,0,0,0,0,88.123
8.08,-12.3803,-0.572794,0,0,0,0,88.114
8.09,-12.3561,-0.610269,0,0,0,0,88.109
8.1,-12.3285,-0.655964,0,0,0,0,88.093
8.11,-12.2852,-0.740727,0,0,0,0,88.091
8.12,-12.2395,-0.831881,0,0,0,0,88.073
8.13,-12.194,-0.92306,0,0,0,0,88.067
8.14,-12.149,-1.01356,0,0,0,0,88.066
8.15,-12.1071,-1.09698,0,0,0,0,88.047
8.16,-12.0823,-1.13776,0,0,0,0,88.046
8.17,-12.0606,-1.17102,0,0,0,0,88.024
8.18,-12.0396,-1.20273,0,0,0,0,88.019
8.19,-12.0195,-1.23267,0,0,0,0,88.013
8.2,-11.9998,-1.26176,0,0,0,0,88.007
8.21,-11.9781,-1.29637,0,0,0,0,88.002
8.22,-11.957,-1.32961,0,0,0,0,87.99
8.23,-11.9372,-1.36006,0,0,0,0,87.975
8.24,-11.9187,-1.38751,0,0,0,0,87.961
8.25,-11.8981,-1.42085,0,0,0,0,87.952
8.26,-11.8555,-1.51138,0,0,0,0,87.943
8.27,-11.8113,-1.60692,0,0,0,0,87.939
8.28,-11.7691,-1.69759,0,0,0,0,87.928
8.29,-11.7294,-1.78268,0,0,0,0,87.915
8.3,-11.6942,-1.85638,0,0,0,0,87.91
8.31,-11.6749,-1.88902,0,0,0,0,87.894
8.32,-11.6603,-1.90959,0,0,0,0,87.893
8.33,-11.6485,-1.92316,0,0,0,0,87.886
8.34,-11.6396,-1.9297,0,0,0,0,87.877
8.35,-11.6343,-1.92683,0,0,0,0,87.865
8.36,-11.6381,-1.90094,0,0,0,0,87.852
8.37,-11.6454,-1.8663,0,0,0,0,87.849
8.38,-11.6551,-1.82576,0,0,0,0,87.835
8.39,-11.6671,-1.77976,0,0,0,0,87.827
8.4,-11.6831,-1.72434,0,0,0,0,87.813
8.41,-11.7124,-1.63557,0,0,0,0,87.805
8.42,-11.7449,-1.53948,0,0,0,0,87.802
8.43,-11.7787,-1.44131,0,0,0,0,87.794
8.44,-11.8135,-1.34187,0,0,0,0,87.78
8.45,-11.8453,-1.25095,0,0,0,0,87.77
8.46,-11.8534,-1.21956,0,0,0,0,87.764
8.47,-11.8586,-1.19607,0,0,0,0,87.756
8.48,-11.8643,-1.17153,0,0,0,0,87.74
8.49,-11.8705,-1.14612,0,0,0,0,87.74
8.5,-11.8784,-1.11664,0,0,0,0,87.729
8.51,-11.8961,-1.0642,0,0,0,0,87.719
8.52,-11.9151,-1.00879,0,0,0,0,87.708
8.53,-11.9341,-0.954166,0,0,0,0,87.695
8.54,-11.9529,-0.900414,0,0,0,0,87.688
8.55,-11.9713,-0.848308,0,0,0,0,87.679
8.56,-11.9878,-0.800965,0,0,0,0,87.671
8.57,-12.0034,-0.755899,0,0,0,0,87.667
8.58,-12.0183,-0.71292,0,0,0,0,87.659
8.59,-12.0323,-0.672302,0,0,0,0,87.652
8.6,-12.0477,-0.628434,0,0,0,0,87.636
8.61,-12.0789,-0.548594,0,0,0,0,87.624
8.62,-12.1113,-0.466525,0,0,0,0,87.62
8.63,-12.142,-0.388625,0,0,0,0,87.613
8.64,-12.1707,-0.315391,0,0,0,0,87.605
8.65,-12.1959,-0.250141,0,0,0,0,87.591
8.66,-12.2099,-0.209451,0,0,0,0,87.58
8.67,-12.22,-0.177191,0,0,0,0,87.578
8.68,-12.2274,-0.150615,0,0,0,0,87.568
8.69,-12.2318,-0.129817,0,0,0,0,87.555
8.7,-12.2327,-0.116319,0,0,0,0,87.553
8.71,-12.2262,-0.11837,0,0,0,0,87.54
8.72,-12.2162,-0.127477,0,0,0,0,87.531
8.73,-12.2034,-0.142007,0,0,0,0,87.524
8.74,-12.1879,-0.161749,0,0,0,0,87.514
8.75,-12.1696,-0.186971,0,0,0,0,87.503
8.76,-12.1475,-0.220186,0,0,0,0,87.501
8.77,-12.123,-0.258245,0,0,0,0,87.488
8.78,-12.0964,-0.300304,0,0,0,0,87.48
8.79,-12.068,-0.346006,0,0,0,0,87.469
8.8,-12.035,-0.401821,0,0,0,0,87.465
8.81,-11.9803,-0.505685,0,0,0,0,87.457
8.82,-11.9222,-0.617521,0,0,0,0,87.447
8.83,-11.8643,-0.729634,0,0,0,0,87.432
8.84,-11.8068,-0.841296,0,0,0,0,87.428
8.85,-11.7521,-0.9477,0,0,0,0,87.419
8.86,-11.7102,-1.02573,0,0,0,0,87.407
8.87,-11.6706,-1.09884,0,0,0,0,87.403
8.88,-11.6317,-1.17073,0,0,0,0,87.395
8.89,-11.5938,-1.24093,0,0,0,0,87.387
8.9,-11.5599,-1.30249,0,0,0,0,87.382
8.91,-11.5459,-1.31832,0,0,0,0,87.366
8.92,-11.536,-1.32506,0,0,0,0,87.357
8.93,-11.5272,-1.32921,0,0,0,0,87.351
8.94,-11.5197,-1.33075,0,0,0,0,87.341
8.95,-11.5125,-1.33185,0,0,0,0,87.336
8.96,-11.5003,-1.34465,0,0,0,0,87.33
8.97,-11.4885,-1.35687,0,0,0,0,87.322
8.98,-11.478,-1.36621,0,0,0,0,87.307
8.99,-11.4688,-1.37266,0,0,0,0,87.305
9,-11.461,-1.37623,0,0,0,0,87.3
9.01,-11.4545,-1.37712,0,0,0,0,87.285
9.02,-11.4492,-1.37516,0,0,0,0,87.272
9.03,-11.4453,-1.37037,0,0,0,0,87.263
9.04,-11.4426,-1.36282,0,0,0,0,87.259
9.05,-11.4431,-1.34827,0,0,0,0,87.253
9.06,-11.4571,-1.30273,0,0,0,0,87.24
9.07,-11.4738,-1.25117,0,0,0,0,87.235
9.08,-11.4912,-1.1983,0,0,0,0,87.231
9.09,-11.5093,-1.14447,0,0,0,0,87.213
9.1,-11.5262,-1.09363,0,0,0,0,87.209
9.11,-11.5328,-1.06627,0,0,0,0,87.204
9.12,-11.5383,-1.04188,0,0,0,0,87.19
9.13,-11.5441,-1.01695,0,0,0,0,87.183
9.14,-11.5501,-0.991636,0,0,0,0,87.175
9.15,-11.556,-0.966759,0,0,0,0,87.169
9.16,-11.56,-0.946218,0,0,0,0,87.161
9.17,-11.5639,-0.926292,0,0,0,0,87.157
9.18,-11.5677,-0.906414,0,0,0,0,87.143
9.19,-11.5715,-0.886688,0,0,0,0,87.134
9.2,-11.5735,-0.87126,0,0,0,0,87.126
9.21,-11.5632,-0.882915,0,0,0,0,87.125
9.22,-11.5512,-0.898536,0,0,0,0,87.118
9.23,-11.5393,-0.91398,0,0,0,0,87.103
9.24,-11.5275,-0.929154,0,0,0,0,87.095
9.25,-11.519,-0.936791,0,0,0,0,87.087
9.26,-11.5324,-0.896478,0,0,0,0,87.077
9.27,-11.5488,-0.849517,0,0,0,0,87.068
9.28,-11.5651,-0.803164,0,0,0,0,87.06
9.29,-11.5811,-0.757612,0,0,0,0,87.053
9.3,-11.5937,-0.719708,0,0,0,0,87.045
9.31,-11.5855,-0.726898,0,0,0,0,87.034
9.32,-11.5738,-0.741433,0,0,0,0,87.032
9.33,-11.5619,-0.756566,0,0,0,0,87.021
9.34,-11.5497,-0.772194,0,0,0,0,87.012
9.35,-11.5404,-0.781499,0,0,0,0,87.015
9.36,-11.5516,-0.746518,0,0,0,0,86.997
9.37,-11.5655,-0.705784,0,0,0,0,86.994
9.38,-11.5789,-0.666262,0,0,0,0,86.984
9.39,-11.5917,-0.628151,0,0,0,0,86.971
9.4,-11.6052,-0.588578,0,0,0,0,86.969
9.41,-11.6275,-0.530441,0,0,0,0,86.965
9.42,-11.6502,-0.471414,0,0,0,0,86.955
9.43,-11.6718,-0.41486,0,0,0,0,86.944
9.44,-11.6921,-0.361041,0,0,0,0,86.942
9.45,-11.7059,-0.320474,0,0,0,0,86.926
9.46,-11.6856,-0.351112,0,0,0,0,86.92
9.47,-11.6592,-0.394186,0,0,0,0,86.918
9.48,-11.6318,-0.439092,0,0,0,0,86.91
9.49,-11.6037,-0.485533,0,0,0,0,86.895
9.5,-11.576,-0.530792,0,0,0,0,86.887
9.51,-11.5556,-0.560903,0,0,0,0,86.885
9.52,-11.5357,-0.589642,0,0,0,0,86.872
9.53,-11.5154,-0.619283,0,0,0,0,86.865
9.54,-11.4948,-0.649645,0,0,0,0,86.858
9.55,-11.4756,-0.676967,0,0,0,0,86.848
9.56,-11.4675,-0.680841,0,0,0,0,86.84
9.57,-11.4607,-0.681783,0,0,0,0,86.839
9.58,-11.4536,-0.683383,0,0,0,0,86.824
9.59,-11.4461,-0.68562,0,0,0,0,86.818
9.6,-11.4379,-0.689523,0,0,0,0,86.813
9.61,-11.4261,-0.701064,0,0,0,0,86.804
9.62,-11.4136,-0.714057,0,0,0,0,86.796
9.63,-11.401,-0.727341,0,0,0,0,86.792
9.64,-11.3882,-0.740831,0,0,0,0,86.775
9.65,-11.3763,-0.752787,0,0,0,0,86.771
9.66,-11.3694,-0.753847,0,0,0,0,86.767
9.67,-11.3632,-0.75341,0,0,0,0,86.761
9.68,-11.357,-0.753126,0,0,0,0,86.748
9.69,-11.3507,-0.752982,0,0,0,0,86.746
9.7,-11.3413,-0.759627,0,0,0,0,86.734
9.71,-11.3113,-0.810526,0,0,0,0,86.731
9.72,-11.2785,-0.867787,0,0,0,0,86.715
9.73,-11.246,-0.924515,0,0,0,0,86.711
9.74,-11.2141,-0.980423,0,0,0,0,86.71
9.75,-11.1872,-1.02561,0,0,0,0,86.7
9.76,-11.1904,-1.00556,0,0,0,0,86.682
9.77,-11.1986,-0.975052,0,0,0,0,86.68
9.78,-11.2071,-0.943885,0,0,0,0,86.672
9.79,-11.2158,-0.912226,0,0,0,0,86.665
9.8,-11.2228,-0.884584,0,0,0,0,86.662
9.81,-11.2165,-0.885579,0,0,0,0,86.657
9.82,-11.2086,-0.8903,0,0,0,0,86.643
9.83,-11.201,-0.894336,0,0,0,0,86.646
9.84,-11.1938,-0.89766,0,0,0,0,86.636
9.85,-11.1842,-0.906124,0,0,0,0,86.624
9.86,-11.1571,-0.952923,0,0,0,0,86.619
9.87,-11.1278,-1.00454,0,0,0,0,86.608
9.88,-11.0992,-1.05483,0,0,0,0,86.601
9.89,-11.0714,-1.10354,0,0,0,0,86.596
9.9,-11.0438,-1.15209,0,0,0,0,86.587
9.91,-11.0121,-1.20973,0,0,0,0,86.577
9.92,-10.9808,-1.26674,0,0,0,0,86.578
9.93,-10.9508,-1.32116,0,0,0,0,86.564
9.94,-10.9222,-1.37271,0,0,0,0,86.565
9.95,-10.8945,-1.42234,0,0,0,0,86.553
9.96,-10.8648,-1.47669,0,0,0,0,86.544
9.97,-10.8362,-1.52863,0,0,0,0,86.536
9.98,-10.8094,-1.57667,0,0,0,0,86.526
9.99,-10.7845,-1.62059,0,0,0,0,86.526
10,-10.7642,-1.65465,0,0,0,0,86.512
10.01,-10.7627,-1.6476,0,0,0,0,86.508
10.02,-10.7657,-1.63094,0,0,0,0,86.495
10.03,-10.7706,-1.61035,0,0,0,0,86.491
10.04,-10.7774,-1.58603,0,0,0,0,86.489
10.05,-10.7882,-1.55357,0,0,0,0,86.48
10.06,-10.8148,-1.48758,0,0,0,0,86.471
10.07,-10.8448,-1.41492,0,0,0,0,86.466
10.08,-10.876,-1.3407,0,0,0,0,86.458
10.09,-10.9082,-1.26534,0,0,0,0,86.451
10.1,-10.9388,-1.19411,0,0,0,0,86.441
10.11,-10.9547,-1.15429,0,0,0,0,86.436
10.12,-10.969,-1.11823,0,0,0,0,86.432
10.13,-10.984,-1.08122,0,0,0,0,86.429
10.14,-10.9996,-1.04346,0,0,0,0,86.416
10.15,-11.0199,-0.996718,0,0,0,0,86.42
10.16,-11.0681,-0.894463,0,0,0,0,86.399
10.17,-11.1201,-0.786087,0,0,0,0,86.398
10.18,-11.1716,-0.679983,0,0,0,0,86.39
10.19,-11.2234,-0.575001,0,0,0,0,86.382
10.2,-11.2722,-0.477152,0,0,0,0,86.381
10.21,-11.3004,-0.420022,0,0,0,0,86.364
10.22,-11.3248,-0.370704,0,0,0,0,86.364
10.23,-11.3482,-0.323548,0,0,0,0,86.354
10.24,-11.3705,-0.278742,0,0,0,0,86.351
10.25,-11.3903,-0.238884,0,0,0,0,86.337
10.26,-11.4,-0.217775,0,0,0,0,86.332
10.27,-11.407,-0.201697,0,0,0,0,86.324
10.28,-11.4124,-0.18826,0,0,0,0,86.318
10.29,-11.4163,-0.177485,0,0,0,0,86.312
10.3,-11.4188,-0.168985,0,0,0,0,86.305
10.31,-11.4211,-0.160502,0,0,0,0,86.299
10.32,-11.4221,-0.154322,0,0,0,0,86.296
10.33,-11.4213,-0.150838,0,0,0,0,86.283
10.34,-11.419,-0.150028,0,0,0,0,86.279
10.35,-11.4167,-0.148754,0,0,0,0,86.272
10.36,-11.4242,-0.129535,0,0,0,0,86.268
10.37,-11.4317,-0.110081,0,0,0,0,86.253
10.38,-11.4374,-0.0935448,0,0,0,0,86.246
10.39,-11.4413,-0.0799545,0,0,0,0,86.24
10.4,-11.4396,-0.0759744,0,0,0,0,86.239
10.41,-11.4113,-0.118977,0,0,0,0,86.229
10.42,-11.3779,-0.170656,0,0,0,0,86.221
10.43,-11.3433,-0.224042,0,0,0,0,86.211
10.44,-11.3079,-0.278869,0,0,0,0,86.208
10.45,-11.2781,-0.323488,0,0,0,0,86.201
10.46,-11.2898,-0.293582,0,0,0,0,86.194
10.47,-11.3068,-0.254314,0,0,0,0,86.194
10.48,-11.3224,-0.21728,0,0,0,0,86.186
10.49,-11.3366,-0.182597,0,0,0,0,86.173
10.5,-11.3455,-0.157054,0,0,0,0,86.17
10.51,-11.3278,-0.178397,0,0,0,0,86.163
10.52,-11.3051,-0.208313,0,0,0,0,86.157
10.53,-11.2814,-0.239909,0,0,0,0,86.157
10.54,-11.2567,-0.273012,0,0,0,0,86.144
10.55,-11.2305,-0.308779,0,0,0,0,86.131
10.56,-11.1987,-0.354487,0,0,0,0,86.129
10.57,-11.1658,-0.402303,0,0,0,0,86.127
10.58,-11.1327,-0.450673,0,0,0,0,86.121
10.59,-11.0994,-0.499383,0,0,0,0,86.113
10.6,-11.0655,-0.549471,0,0,0,0,86.107
10.61,-11.0273,-0.6077,0,0,0,0,86.092
10.62,-10.9889,-0.666697,0,0,0,0,86.092
10.63,-10.951,-0.725088,0,0,0,0,86.083
10.64,-10.9134,-0.783283,0,0,0,0,86.081
10.65,-10.8767,-0.84029,0,0,0,0,86.076
10.66,-10.8437,-0.890532,0,0,0,0,86.064
10.67,-10.8119,-0.939064,0,0,0,0,86.058
10.68,-10.7807,-0.986614,0,0,0,0,86.055
10.69,-10.7504,-1.03298,0,0,0,0,86.049
10.7,-10.7196,-1.08043,0,0,0,0,86.041
10.71,-10.681,-1.14288,0,0,0,0,86.035
10.72,-10.6422,-1.20613,0,0,0,0,86.028
10.73,-10.6046,-1.26743,0,0,0,0,86.022
10.74,-10.5683,-1.3265,0,0,0,0,86.013
10.75,-10.5382,-1.3743,0,0,0,0,86.016
10.76,-10.5403,-1.36098,0,0,0,0,86.002
10.77,-10.5483,-1.33647,0,0,0,0,86.001
10.78,-10.5577,-1.3097,0,0,0,0,85.992
10.79,-10.5682,-1.28083,0,0,0,0,85.983
10.8,-10.5778,-1.25411,0,0,0,0,85.978
10.81,-10.574,-1.25262,0,0,0,0,85.973
10.82,-10.5692,-1.25304,0,0,0,0,85.965
10.83,-10.5657,-1.25128,0,0,0,0,85.962
10.84,-10.5634,-1.24738,0,0,0,0,85.957
10.85,-10.5642,-1.23784,0,0,0,0,85.943
10.86,-10.5787,-1.20285,0,0,0,0,85.94
10.87,-10.596,-1.16293,0,0,0,0,85.938
10.88,-10.614,-1.12184,0,0,0,0,85.924
10.89,-10.6327,-1.07979,0,0,0,0,85.917
10.9,-10.6493,-1.04196,0,0,0,0,85.915
10.91,-10.6485,-1.03642,0,0,0,0,85.908
10.92,-10.6458,-1.03464,0,0,0,0,85.905
10.93,-10.6438,-1.0316,0,0,0,0,85.899
10.94,-10.6425,-1.02733,0,0,0,0,85.888
10.95,-10.6444,-1.01735,0,0,0,0,85.881
10.96,-10.6635,-0.976373,0,0,0,0,85.879
10.97,-10.6854,-0.930598,0,0,0,0,85.873
10.98,-10.7076,-0.884775,0,0,0,0,85.867
10.99,-10.73,-0.839088,0,0,0,0,85.858
11,-10.7522,-0.793993,0,0,0,0,85.858
11.01,-10.7733,-0.751265,0,0,0,0,85.848
11.02,-10.7942,-0.709376,0,0,0,0,85.841
11.03,-10.8148,-0.668162,0,0,0,0,85.834
11.04,-10.8352,-0.627652,0,0,0,0,85.832
11.05,-10.8513,-0.594948,0,0,0,0,85.827
11.06,-10.8393,-0.611137,0,0,0,0,85.819
11.07,-10.823,-0.634604,0,0,0,0,85.82
11.08,-10.8066,-0.657957,0,0,0,0,85.802
11.09,-10.7903,-0.681221,0,0,0,0,85.8
11.1,-10.7757,-0.701443,0,0,0,0,85.799
11.11,-10.7725,-0.7021,0,0,0,0,85.787
11.12,-10.7711,-0.699794,0,0,0,0,85.785
11.13,-10.7696,-0.69746,0,0,0,0,85.775
11.14,-10.7682,-0.695107,0,0,0,0,85.775
11.15,-10.7677,-0.691191,0,0,0,0,85.765
11.16,-10.7734,-0.676994,0,0,0,0,85.758
11.17,-10.7799,-0.661469,0,0,0,0,85.752
11.18,-10.7863,-0.646216,0,0,0,0,85.748
11.19,-10.7925,-0.631236,0,0,0,0,85.749
11.2,-10.798,-0.617681,0,0,0,0,85.733
11.21,-10.7989,-0.611866,0,0,0,0,85.734
11.22,-10.7989,-0.607454,0,0,0,0,85.721
11.23,-10.7987,-0.603334,0,0,0,0,85.718
11.24,-10.7984,-0.599517,0,0,0,0,85.711
11.25,-10.8005,-0.591692,0,0,0,0,85.71
11.26,-10.8201,-0.555504,0,0,0,0,85.699
11.27,-10.8421,-0.515674,0,0,0,0,85.694
11.28,-10.8638,-0.476657,0,0,0,0,85.692
11.29,-10.8851,-0.438572,0,0,0,0,85.691
11.3,-10.9043,-0.403941,0,0,0,0,85.674
11.31,-10.9127,-0.386443,0,0,0,0,85.668
11.32,-10.9189,-0.37242,0,0,0,0,85.667
11.33,-10.9245,-0.359488,0,0,0,0,85.664
11.34,-10.9292,-0.34767,0,0,0,0,85.659
11.35,-10.9311,-0.340391,0,0,0,0,85.653
11.36,-10.9176,-0.356819,0,0,0,0,85.644
11.37,-10.9014,-0.377419,0,0,0,0,85.643
11.38,-10.8846,-0.398687,0,0,0,0,85.636
11.39,-10.8674,-0.420539,0,0,0,0,85.628
11.4,-10.8512,-0.440554,0,0,0,0,85.623
11.41,-10.8447,-0.445481,0,0,0,0,85.618
11.42,-10.8392,-0.448699,0,0,0,0,85.613
11.43,-10.8333,-0.452547,0,0,0,0,85.611
11.44,-10.827,-0.457,0,0,0,0,85.599
11.45,-10.8214,-0.460054,0,0,0,0,85.594
11.46,-10.824,-0.450545,0,0,0,0,85.589
11.47,-10.8274,-0.439783,0,0,0,0,85.582
11.48,-10.8303,-0.429773,0,0,0,0,85.577
11.49,-10.8327,-0.420532,0,0,0,0,85.572
11.5,-10.8343,-0.412233,0,0,0,0,85.573
11.51,-10.8348,-0.405777,0,0,0,0,85.567
11.52,-10.8346,-0.400262,0,0,0,0,85.554
11.53,-10.8338,-0.395531,0,0,0,0,85.552
11.54,-10.8324,-0.391581,0,0,0,0,85.539
11.55,-10.8304,-0.388656,0,0,0,0,85.545
11.56,-10.8266,-0.38816,0,0,0,0,85.535
11.57,-10.8222,-0.388647,0,0,0,0,85.528
11.58,-10.8172,-0.389848,0,0,0,0,85.526
11.59,-10.8117,-0.391743,0,0,0,0,85.518
11.6,-10.8049,-0.395478,0,0,0,0,85.52
11.61,-10.7925,-0.407612,0,0,0,0,85.505
11.62,-10.779,-0.421406,0,0,0,0,85.501
11.63,-10.7651,-0.435629,0,0,0,0,85.501
11.64,-10.751,-0.450227,0,0,0,0,85.492
11.65,-10.735,-0.467566,0,0,0,0,85.492
11.66,-10.7082,-0.501179,0,0,0,0,85.481
11.67,-10.68,-0.537096,0,0,0,0,85.478
11.68,-10.652,-0.572774,0,0,0,0,85.47
11.69,-10.6242,-0.60812,0,0,0,0,85.471
11.7,-10.6019,-0.63518,0,0,0,0,85.453
11.71,-10.6151,-0.608237,0,0,0,0,85.452
11.72,-10.6333,-0.573569,0,0,0,0,85.451
11.73,-10.6514,-0.539229,0,0,0,0,85.447
11.74,-10.6694,-0.505276,0,0,0,0,85.439
11.75,-10.6847,-0.475428,0,0,0,0,85.436
11.76,-10.6835,-0.470305,0,0,0,0,85.428
11.77,-10.6797,-0.469181,0,0,0,0,85.425
11.78,-10.6756,-0.468395,0,0,0,0,85.417
11.79,-10.6713,-0.467936,0,0,0,0,85.42
11.8,-10.6644,-0.471333,0,0,0,0,85.409
11.81,-10.6417,-0.498472,0,0,0,0,85.404
11.82,-10.6168,-0.52902,0,0,0,0,85.399
11.83,-10.5921,-0.559328,0,0,0,0,85.399
11.84,-10.5676,-0.589369,0,0,0,0,85.388
11.85,-10.5455,-0.615889,0,0,0,0,85.384
11.86,-10.5386,-0.619413,0,0,0,0,85.373
11.87,-10.5341,-0.619383,0,0,0,0,85.367
11.88,-10.5296,-0.619224,0,0,0,0,85.367
11.89,-10.5253,-0.618936,0,0,0,0,85.37
11.9,-10.5183,-0.622682,0,0,0,0,85.356
11.91,-10.4931,-0.654136,0,0,0,0,85.355
11.92,-10.4653,-0.689595,0,0,0,0,85.349
11.93,-10.4378,-0.724789,0,0,0,0,85.342
11.94,-10.4105,-0.759612,0,0,0,0,85.34
11.95,-10.384,-0.793343,0,0,0,0,85.328
11.96,-10.3607,-0.822361,0,0,0,0,85.332
11.97,-10.3383,-0.850056,0,0,0,0,85.324
11.98,-10.3165,-0.876959,0,0,0,0,85.319
11.99,-10.2953,-0.902989,0,0,0,0,85.308
12,-10.2761,-0.925997,0,0,0,0,85.312
12.01,-10.2667,-0.934168,0,0,0,0,85.302
12.02,-10.2593,-0.939238,0,0,0,0,85.3
12.03,-10.2527,-0.943273,0,0,0,0,85.289
12.04,-10.2468,-0.946271,0,0,0,0,85.289
12.05,-10.2412,-0.94881,0,0,0,0,85.283
12.06,-10.2339,-0.954147,0,0,0,0,85.279
12.07,-10.2269,-0.958993,0,0,0,0,85.266
12.08,-10.2206,-0.962766,0,0,0,0,85.267
12.09,-10.2151,-0.965465,0,0,0,0,85.266
12.1,-10.2107,-0.966589,0,0,0,0,85.259
12.11,-10.2092,-0.96331,0,0,0,0,85.254
12.12,-10.2088,-0.958529,0,0,0,0,85.245
12.13,-10.2091,-0.952778,0,0,0,0,85.248
12.14,-10.2101,-0.94609,0,0,0,0,85.239
12.15,-10.2129,-0.936839,0,0,0,0,85.234
12.16,-10.2237,-0.915756,0,0,0,0,85.231
12.17,-10.236,-0.892456,0,0,0,0,85.229
12.18,-10.2489,-0.868696,0,0,0,0,85.224
12.19,-10.2621,-0.844556,0,0,0,0,85.218
12.2,-10.2759,-0.819721,0,0,0,0,85.21
12.21,-10.2918,-0.79207,0,0,0,0,85.203
12.22,-10.3081,-0.763961,0,0,0,0,85.205
12.23,-10.3246,-0.735871,0,0,0,0,85.196
12.24,-10.3412,-0.70788,0,0,0,0,85.19
12.25,-10.3533,-0.686584,0,0,0,0,85.189
12.26,-10.3352,-0.70879,0,0,0,0,85.179
12.27,-10.3127,-0.73716,0,0,0,0,85.184
12.28,-10.2906,-0.765057,0,0,0,0,85.176
12.29,-10.2687,-0.792406,0,0,0,0,85.17
12.3,-10.2498,-0.81552,0,0,0,0,85.166
12.31,-10.2483,-0.813882,0,0,0,0,85.165
12.32,-10.2497,-0.808086,0,0,0,0,85.159
12.33,-10.2515,-0.801788,0,0,0,0,85.153
12.34,-10.2538,-0.795011,0,0,0,0,85.147
12.35,-10.2579,-0.785808,0,0,0,0,85.143
12.36,-10.2716,-0.763159,0,0,0,0,85.139
12.37,-10.287,-0.738505,0,0,0,0,85.133
12.38,-10.3025,-0.713912,0,0,0,0,85.134
12.39,-10.3181,-0.689446,0,0,0,0,85.125
12.4,-10.3332,-0.665918,0,0,0,0,85.119
12.41,-10.3446,-0.647573,0,0,0,0,85.121
12.42,-10.3555,-0.630115,0,0,0,0,85.112
12.43,-10.3664,-0.612824,0,0,0,0,85.106
12.44,-10.3773,-0.595739,0,0,0,0,85.101
12.45,-10.3903,-0.575933,0,0,0,0,85.097
12.46,-10.4178,-0.537031,0,0,0,0,85.09
12.47,-10.4472,-0.495948,0,0,0,0,85.088
12.48,-10.4766,-0.455375,0,0,0,0,85.081
12.49,-10.5059,-0.415365,0,0,0,0,85.08
12.5,-10.5332,-0.378398,0,0,0,0,85.08
12.51,-10.5477,-0.358103,0,0,0,0,85.069
12.52,-10.5599,-0.340851,0,0,0,0,85.064
12.53,-10.5717,-0.324266,0,0,0,0,85.064
12.54,-10.583,-0.308375,0,0,0,0,85.066
12.55,-10.5916,-0.295874,0,0,0,0,85.049
12.56,-10.5854,-0.301809,0,0,0,0,85.05
12.57,-10.5766,-0.310891,0,0,0,0,85.045
12.58,-10.5674,-0.320405,0,0,0,0,85.044
12.59,-10.5578,-0.330323,0,0,0,0,85.038
12.6,-10.5483,-0.339979,0,0,0,0,85.027
12.61,-10.5418,-0.34575,0,0,0,0,85.033
12.62,-10.5355,-0.351279,0,0,0,0,85.026
12.63,-10.5287,-0.357192,0,0,0,0,85.024
12.64,-10.5217,-0.363469,0,0,0,0,85.02
12.65,-10.5148,-0.369372,0,0,0,0,85.008
12.66,-10.5115,-0.370835,0,0,0,0,85.008
12.67,-10.5084,-0.371965,0,0,0,0,85.002
12.68,-10.505,-0.373477,0,0,0,0,84.999
12.69,-10.5012,-0.37536,0,0,0,0,84.994
12.7,-10.5006,-0.373422,0,0,0,0,84.992
12.71,-10.5226,-0.344058,0,0,0,0,84.993
12.72,-10.5478,-0.311202,0,0,0,0,84.985
12.73,-10.5724,-0.279118,0,0,0,0,84.983
12.74,-10.5965,-0.247861,0,0,0,0,84.975
12.75,-10.6159,-0.222299,0,0,0,0,84.973
12.76,-10.6072,-0.229608,0,0,0,0,84.97
12.77,-10.5939,-0.242246,0,0,0,0,84.97
12.78,-10.5801,-0.255338,0,0,0,0,84.963
12.79,-10.5658,-0.268843,0,0,0,0,84.96
12.8,-10.5522,-0.281463,0,0,0,0,84.948
12.81,-10.5453,-0.286056,0,0,0,0,84.954
12.82,-10.5391,-0.289841,0,0,0,0,84.943
12.83,-10.5324,-0.294073,0,0,0,0,84.938
12.84,-10.5253,-0.298733,0,0,0,0,84.943
12.85,-10.5197,-0.301486,0,0,0,0,84.933
12.86,-10.527,-0.289272,0,0,0,0,84.929
12.87,-10.5358,-0.275336,0,0,0,0,84.922
12.88,-10.544,-0.262021,0,0,0,0,84.916
12.89,-10.5516,-0.24934,0,0,0,0,84.918
12.9,-10.5574,-0.238651,0,0,0,0,84.913
12.91,-10.5548,-0.237561,0,0,0,0,84.904
12.92,-10.5505,-0.238354,0,0,0,0,84.908
12.93,-10.5457,-0.239659,0,0,0,0,84.9
12.94,-10.5403,-0.24146,0,0,0,0,84.898
12.95,-10.5354,-0.242738,0,0,0,0,84.893
12.96,-10.5358,-0.237827,0,0,0,0,84.885
12.97,-10.5365,-0.232457,0,0,0,0,84.888
12.98,-10.5367,-0.227632,0,0,0,0,84.883
12.99,-10.5364,-0.223348,0,0,0,0,84.879
13,-10.5329,-0.222565,0,0,0,0,84.878
13.01,-10.5115,-0.241963,0,0,0,0,84.869
13.02,-10.4873,-0.264509,0,0,0,0,84.868
13.03,-10.463,-0.287169,0,0,0,0,84.867
13.04,-10.4386,-0.309896,0,0,0,0,84.863
13.05,-10.4161,-0.330553,0,0,0,0,84.856
13.06,-10.4057,-0.337347,0,0,0,0,84.853
13.07,-10.3969,-0.342229,0,0,0,0,84.854
13.08,-10.388,-0.347288,0,0,0,0,84.85
13.09,-10.3789,-0.352508,0,0,0,0,84.848
13.1,-10.3685,-0.359122,0,0,0,0,84.845
13.11,-10.3509,-0.374131,0,0,0,0,84.835
13.12,-10.3322,-0.390359,0,0,0,0,84.826
13.13,-10.3136,-0.406518,0,0,0,0,84.829
13.14,-10.2952,-0.422576,0,0,0,0,84.827
13.15,-10.2773,-0.437991,0,0,0,0,84.824
13.16,-10.2625,-0.44984,0,0,0,0,84.822
13.17,-10.2484,-0.461079,0,0,0,0,84.818
13.18,-10.2342,-0.472271,0,0,0,0,84.814
13.19,-10.2202,-0.483409,0,0,0,0,84.807
13.2,-10.2055,-0.495303,0,0,0,0,84.805
13.21,-10.1862,-0.51269,0,0,0,0,84.803
13.22,-10.1662,-0.530826,0,0,0,0,84.8
13.23,-10.1464,-0.548845,0,0,0,0,84.797
13.24,-10.1268,-0.566709,0,0,0,0,84.793
13.25,-10.1068,-0.585051,0,0,0,0,84.791
13.26,-10.0832,-0.607661,0,0,0,0,84.787
13.27,-10.0593,-0.630727,0,0,0,0,84.783
13.28,-10.0356,-0.653535,0,0,0,0,84.778
13.29,-10.0123,-0.676035,0,0,0,0,84.771
13.3,-9.99204,-0.694988,0,0,0,0,84.776
13.31,-9.99031,-0.692251,0,0,0,0,84.772
13.32,-9.99167,-0.685943,0,0,0,0,84.768
13.33,-9.99339,-0.679273,0,0,0,0,84.762
13.34,-9.99545,-0.672259,0,0,0,0,84.761
13.35,-9.99363,-0.669827,0,0,0,0,84.759
13.36,-9.96399,-0.699939,0,0,0,0,84.754
13.37,-9.93036,-0.734754,0,0,0,0,84.746
13.38,-9.89699,-0.769287,0,0,0,0,84.748
13.39,-9.86396,-0.803454,0,0,0,0,84.74
13.4,-9.83513,-0.832723,0,0,0,0,84.737
13.41,-9.83224,-0.83173,0,0,0,0,84.736
13.42,-9.83374,-0.825667,0,0,0,0,84.731
13.43,-9.83581,-0.818998,0,0,0,0,84.73
13.44,-9.83844,-0.811749,0,0,0,0,84.724
13.45,-9.84276,-0.802602,0,0,0,0,84.725
13.46,-9.85525,-0.784086,0,0,0,0,84.722
13.47,-9.86922,-0.763968,0,0,0,0,84.715
13.48,-9.88346,-0.743656,0,0,0,0,84.715
13.49,-9.89794,-0.723199,0,0,0,0,84.713
13.5,-9.9108,-0.704713,0,0,0,0,84.71
13.51,-9.91186,-0.699817,0,0,0,0,84.711
13.52,-9.91147,-0.696617,0,0,0,0,84.703
13.53,-9.91147,-0.693033,0,0,0,0,84.707
13.54,-9.91184,-0.689078,0,0,0,0,84.695
13.55,-9.91281,-0.684496,0,0,0,0,84.693
13.56,-9.9157,-0.677802,0,0,0,0,84.682
13.57,-9.91915,-0.670548,0,0,0,0,84.692
13.58,-9.9229,-0.663022,0,0,0,0,84.682
13.59,-9.92694,-0.655245,0,0,0,0,84.68
13.6,-9.92763,-0.651266,0,0,0,0,84.677
13.61,-9.90435,-0.673968,0,0,0,0,84.675
13.62,-9.87766,-0.700382,0,0,0,0,84.663
13.63,-9.85124,-0.726415,0,0,0,0,84.67
13.64,-9.82513,-0.752007,0,0,0,0,84.663
13.65,-9.80474,-0.771218,0,0,0,0,84.662
13.66,-9.8203,-0.750906,0,0,0,0,84.657
13.67,-9.84133,-0.724771,0,0,0,0,84.652
13.68,-9.86242,-0.698787,0,0,0,0,84.648
13.69,-9.88352,-0.673007,0,0,0,0,84.646
13.7,-9.90331,-0.648866,0,0,0,0,84.643
13.71,-9.91457,-0.63409,0,0,0,0,84.637
13.72,-9.92469,-0.620672,0,0,0,0,84.636
13.73,-9.93495,-0.607231,0,0,0,0,84.641
13.74,-9.94533,-0.593793,0,0,0,0,84.634
13.75,-9.95409,-0.5822,0,0,0,0,84.629
13.76,-9.9515,-0.582651,0,0,0,0,84.626
13.77,-9.94743,-0.584694,0,0,0,0,84.626
13.78,-9.9436,-0.586495,0,0,0,0,84.621
13.79,-9.94002,-0.588051,0,0,0,0,84.622
13.8,-9.93863,-0.587354,0,0,0,0,84.623
13.81,-9.95034,-0.573166,0,0,0,0,84.614
13.82,-9.964,-0.557102,0,0,0,0,84.611
13.83,-9.97764,-0.541222,0,0,0,0,84.61
13.84,-9.99123,-0.525549,0,0,0,0,84.608
13.85,-10.0034,-0.511494,0,0,0,0,84.601
13.86,-10.0063,-0.506819,0,0,0,0,84.602
13.87,-10.008,-0.503502,0,0,0,0,84.597
13.88,-10.0098,-0.500143,0,0,0,0,84.597
13.89,-10.0116,-0.496746,0,0,0,0,84.589
13.9,-10.0145,-0.4924,0,0,0,0,84.595
13.91,-10.0235,-0.481986,0,0,0,0,84.588
13.92,-10.0335,-0.470821,0,0,0,0,84.589
13.93,-10.0433,-0.459849,0,0,0,0,84.581
13.94,-10.053,-0.449081,0,0,0,0,84.576
13.95,-10.0625,-0.438618,0,0,0,0,84.577
13.96,-10.0713,-0.428959,0,0,0,0,84.572
13.97,-10.0799,-0.419603,0,0,0,0,84.566
13.98,-10.0883,-0.410468,0,0,0,0,84.567
13.99,-10.0966,-0.401561,0,0,0,0,84.564
14,-10.1031,-0.394379,0,0,0,0,84.564
14.01,-10.0989,-0.39727,0,0,0,0,84.558
14.02,-10.0932,-0.401659,0,0,0,0,84.554
14.03,-10.0874,-0.406039,0,0,0,0,84.556
14.04,-10.0816,-0.410405,0,0,0,0,84.551
14.05,-10.078,-0.412772,0,0,0,0,84.551
14.06,-10.0884,-0.402091,0,0,0,0,84.548
14.07,-10.1008,-0.389755,0,0,0,0,84.544
14.08,-10.113,-0.377694,0,0,0,0,84.54
14.09,-10.125,-0.365877,0,0,0,0,84.542
14.1,-10.1351,-0.355933,0,0,0,0,84.535
14.11,-10.133,-0.356936,0,0,0,0,84.535
14.12,-10.129,-0.359623,0,0,0,0,84.53
14.13,-10.125,-0.362361,0,0,0,0,84.531
14.14,-10.1209,-0.365146,0,0,0,0,84.526
14.15,-10.1177,-0.367054,0,0,0,0,84.52
14.16,-10.1213,-0.362918,0,0,0,0,84.523
14.17,-10.1259,-0.358019,0,0,0,0,84.521
14.18,-10.1303,-0.353287,0,0,0,0,84.508
14.19,-10.1345,-0.348726,0,0,0,0,84.515
14.2,-10.1388,-0.34411,0,0,0,0,84.515
14.21,-10.1447,-0.338158,0,0,0,0,84.509
14.22,-10.1506,-0.332187,0,0,0,0,84.508
14.23,-10.1564,-0.32643,0,0,0,0,84.502
14.24,-10.1619,-0.320889,0,0,0,0,84.502
14.25,-10.1658,-0.316728,0,0,0,0,84.501
14.26,-10.1602,-0.320451,0,0,0,0,84.498
14.27,-10.1531,-0.3254,0,0,0,0,84.493
14.28,-10.1459,-0.330398,0,0,0,0,84.494
14.29,-10.1386,-0.335437,0,0,0,0,84.494
14.3,-10.1329,-0.33917,0,0,0,0,84.488
14.31,-10.1377,-0.33407,0,0,0,0,84.485
14.32,-10.144,-0.327832,0,0,0,0,84.481
14.33,-10.15,-0.321812,0,0,0,0,84.483
14.34,-10.1558,-0.316013,0,0,0,0,84.476
14.35,-10.16,-0.311445,0,0,0,0,84.478
14.36,-10.1558,-0.313757,0,0,0,0,84.48
14.37,-10.1501,-0.317165,0,0,0,0,84.468
14.38,-10.1442,-0.320645,0,0,0,0,84.464
14.39,-10.1382,-0.324193,0,0,0,0,84.463
14.4,-10.1346,-0.325788,0,0,0,0,84.461
14.41,-10.1477,-0.314119,0,0,0,0,84.466
14.42,-10.163,-0.300765,0,0,0,0,84.461
14.43,-10.1779,-0.287768,0,0,0,0,84.461
14.44,-10.1925,-0.275135,0,0,0,0,84.456
14.45,-10.2049,-0.264221,0,0,0,0,84.453
14.46,-10.2053,-0.262585,0,0,0,0,84.45
14.47,-10.2037,-0.262484,0,0,0,0,84.449
14.48,-10.2018,-0.262555,0,0,0,0,84.45
14.49,-10.1996,-0.262793,0,0,0,0,84.444
14.5,-10.1971,-0.263216,0,0,0,0,84.444
14.51,-10.1941,-0.263945,0,0,0,0,84.437
14.52,-10.1908,-0.264847,0,0,0,0,84.44
14.53,-10.1872,-0.265892,0,0,0,0,84.436
14.54,-10.1834,-0.267076,0,0,0,0,84.432
14.55,-10.1774,-0.269865,0,0,0,0,84.432
14.56,-10.1582,-0.282519,0,0,0,0,84.428
14.57,-10.137,-0.296577,0,0,0,0,84.422
14.58,-10.1159,-0.310544,0,0,0,0,84.431
14.59,-10.0949,-0.324409,0,0,0,0,84.425
14.6,-10.0768,-0.336079,0,0,0,0,84.426
14.61,-10.077,-0.333862,0,0,0,0,84.42
14.62,-10.0797,-0.32969,0,0,0,0,84.423
14.63,-10.0823,-0.325663,0,0,0,0,84.418
14.64,-10.0847,-0.32178,0,0,0,0,84.413
14.65,-10.0863,-0.318418,0,0,0,0,84.413
14.66,-10.0844,-0.317694,0,0,0,0,84.405
14.67,-10.0818,-0.317439,0,0,0,0,84.409
14.68,-10.0791,-0.317269,0,0,0,0,84.403
14.69,-10.0762,-0.317179,0,0,0,0,84.4
14.7,-10.0726,-0.317621,0,0,0,0,84.404
14.71,-10.0647,-0.321135,0,0,0,0,84.399
14.72,-10.0562,-0.325116,0,0,0,0,84.403
14.73,-10.0476,-0.3291,0,0,0,0,84.394
14.74,-10.039,-0.333083,0,0,0,0,84.393
14.75,-10.0301,-0.337207,0,0,0,0,84.394
14.76,-10.0199,-0.342288,0,0,0,0,84.398
14.77,-10.0095,-0.347482,0,0,0,0,84.391
14.78,-9.99916,-0.352634,0,0,0,0,84.384
14.79,-9.98882,-0.357754,0,0,0,0,84.388
14.8,-9.97942,-0.362159,0,0,0,0,84.386
14.81,-9.97642,-0.361874,0,0,0,0,84.384
14.82,-9.97433,-0.360916,0,0,0,0,84.382
14.83,-9.97218,-0.359989,0,0,0,0,84.374
14.84,-9.96999,-0.359093,0,0,0,0,84.371
14.85,-9.96729,-0.358555,0,0,0,0,84.373
14.86,-9.96151,-0.360228,0,0,0,0,84.369
14.87,-9.95526,-0.362227,0,0,0,0,84.369
14.88,-9.949,-0.364218,0,0,0,0,84.37
14.89,-9.94274,-0.366197,0,0,0,0,84.37
14.9,-9.93649,-0.368152,0,0,0,0,84.363
14.91,-9.93035,-0.370015,0,0,0,0,84.358
14.92,-9.92423,-0.371848,0,0,0,0,84.368
14.93,-9.91813,-0.37366,0,0,0,0,84.359
14.94,-9.91205,-0.375448,0,0,0,0,84.362
14.95,-9.90471,-0.378117,0,0,0,0,84.354
14.96,-9.88876,-0.386823,0,0,0,0,84.359
14.97,-9.87151,-0.39641,0,0,0,0,84.352
14.98,-9.85426,-0.405957,0,0,0,0,84.348
14.99,-9.83703,-0.415452,0,0,0,0,84.351
15,-9.82094,-0.424124,0,0,0,0,84.345
15.01,-9.81221,-0.427651,0,0,0,0,84.347
15.02,-9.80471,-0.430331,0,0,0,0,84.342
15.03,-9.79734,-0.432917,0,0,0,0,84.341
15.04,-9.7901,-0.435407,0,0,0,0,84.343
15.05,-9.7834,-0.437538,0,0,0,0,84.346
15.06,-9.77938,-0.437834,0,0,0,0,84.343
15.07,-9.77588,-0.43779,0,0,0,0,84.339
15.08,-9.77252,-0.437668,0,0,0,0,84.334
15.09,-9.76929,-0.437469,0,0,0,0,84.333
15.1,-9.76645,-0.43702,0,0,0,0,84.332
15.11,-9.76545,-0.435349,0,0,0,0,84.33
15.12,-9.76482,-0.433454,0,0,0,0,84.326
15.13,-9.76429,-0.431511,0,0,0,0,84.329
15.14,-9.76386,-0.429523,0,0,0,0,84.328
15.15,-9.76283,-0.427962,0,0,0,0,84.325
15.16,-9.75722,-0.429471,0,0,0,0,84.325
15.17,-9.75105,-0.431352,0,0,0,0,84.324
15.18,-9.74504,-0.433132,0,0,0,0,84.328
15.19,-9.7392,-0.434809,0,0,0,0,84.32
15.2,-9.73191,-0.437437,0,0,0,0,84.32
15.21,-9.714,-0.44701,0,0,0,0,84.316
15.22,-9.6946,-0.457512,0,0,0,0,84.312
15.23,-9.67535,-0.46787,0,0,0,0,84.309
15.24,-9.65628,-0.478067,0,0,0,0,84.31
15.25,-9.63923,-0.486919,0,0,0,0,84.306
15.26,-9.63457,-0.487809,0,0,0,0,84.303
15.27,-9.63199,-0.487389,0,0,0,0,84.301
15.28,-9.62968,-0.486831,0,0,0,0,84.303
15.29,-9.62763,-0.486139,0,0,0,0,84.304
15.3,-9.62547,-0.485553,0,0,0,0,84.299
15.31,-9.62106,-0.486416,0,0,0,0,84.301
15.32,-9.61656,-0.487357,0,0,0,0,84.304
15.33,-9.61236,-0.488135,0,0,0,0,84.303
15.34,-9.60847,-0.488753,0,0,0,0,84.303
15.35,-9.60627,-0.488351,0,0,0,0,84.294
15.36,-9.61353,-0.482149,0,0,0,0,84.296
15.37,-9.62225,-0.475112,0,0,0,0,84.289
15.38,-9.63103,-0.468117,0,0,0,0,84.295
15.39,-9.63984,-0.461173,0,0,0,0,84.289
15.4,-9.64723,-0.455168,0,0,0,0,84.292
15.41,-9.64513,-0.455009,0,0,0,0,84.289
15.42,-9.64183,-0.455612,0,0,0,0,84.293
15.43,-9.6388,-0.456086,0,0,0,0,84.289
15.44,-9.63603,-0.456434,0,0,0,0,84.282
15.45,-9.63386,-0.45646,0,0,0,0,84.283
15.46,-9.63412,-0.455076,0,0,0,0,84.279
15.47,-9.63493,-0.453411,0,0,0,0,84.28
15.48,-9.63596,-0.451665,0,0,0,0,84.282
15.49,-9.63721,-0.449843,0,0,0,0,84.281
15.5,-9.63957,-0.44742,0,0,0,0,84.283
15.51,-9.64806,-0.441463,0,0,0,0,84.275
15.52,-9.65746,-0.435051,0,0,0,0,84.278
15.53,-9.66683,-0.428726,0,0,0,0,84.279
15.54,-9.67617,-0.422495,0,0,0,0,84.274
15.55,-9.68512,-0.416563,0,0,0,0,84.275
15.56,-9.69176,-0.412043,0,0,0,0,84.276
15.57,-9.69808,-0.407772,0,0,0,0,84.27
15.58,-9.70442,-0.40355,0,0,0,0,84.262
15.59,-9.71077,-0.399381,0,0,0,0,84.264
15.6,-9.7168,-0.395455,0,0,0,0,84.266
15.61,-9.7207,-0.392808,0,0,0,0,84.272
15.62,-9.72434,-0.39036,0,0,0,0,84.269
15.63,-9.72805,-0.387926,0,0,0,0,84.263
15.64,-9.73183,-0.385507,0,0,0,0,84.262
15.65,-9.73617,-0.382816,0,0,0,0,84.257
15.66,-9.74392,-0.378243,0,0,0,0,84.266
15.67,-9.75208,-0.373486,0,0,0,0,84.265
15.68,-9.76013,-0.368842,0,0,0,0,84.261
15.69,-9.76805,-0.364313,0,0,0,0,84.256
15.7,-9.77482,-0.360482,0,0,0,0,84.255
15.71,-9.77474,-0.360575,0,0,0,0,84.259
15.72,-9.77373,-0.361221,0,0,0,0,84.255
15.73,-9.77286,-0.36183,0,0,0,0,84.251
15.74,-9.77212,-0.362405,0,0,0,0,84.253
15.75,-9.77145,-0.362986,0,0,0,0,84.249
15.76,-9.77043,-0.3638,0,0,0,0,84.252
15.77,-9.76948,-0.364615,0,0,0,0,84.251
15.78,-9.76868,-0.365392,0,0,0,0,84.248
15.79,-9.76803,-0.366132,0,0,0,0,84.247
15.8,-9.76863,-0.366226,0,0,0,0,84.246
15.81,-9.77651,-0.362296,0,0,0,0,84.248
15.82,-9.78532,-0.357882,0,0,0,0,84.244
15.83,-9.79392,-0.353604,0,0,0,0,84.25
15.84,-9.80233,-0.349462,0,0,0,0,84.247
15.85,-9.81038,-0.34554,0,0,0,0,84.24
15.86,-9.81723,-0.342313,0,0,0,0,84.241
15.87,-9.82377,-0.339277,0,0,0,0,84.239
15.88,-9.83015,-0.336343,0,0,0,0,84.237
15.89,-9.83636,-0.33351,0,0,0,0,84.236
15.9,-9.84223,-0.330878,0,0,0,0,84.237
15.91,-9.84681,-0.329001,0,0,0,0,84.239
15.92,-9.8511,-0.327293,0,0,0,0,84.236
15.93,-9.85529,-0.325653,0,0,0,0,84.244
15.94,-9.85936,-0.324079,0,0,0,0,84.238
15.95,-9.86353,-0.322442,0,0,0,0,84.239
15.96,-9.86899,-0.320037,0,0,0,0,84.237
15.97,-9.87451,-0.317591,0,0,0,0,84.233
15.98,-9.87989,-0.315229,0,0,0,0,84.236
15.99,-9.8851,-0.312953,0,0,0,0,84.239
16,-9.88971,-0.311013,0,0,0,0,84.232
16.01,-9.89147,-0.310803,0,0,0,0,84.229
16.02,-9.89276,-0.310873,0,0,0,0,84.235
16.03,-9.89399,-0.310971,0,0,0,0,84.232
16.04,-9.89518,-0.311095,0,0,0,0,84.232
16.05,-9.89629,-0.311252,0,0,0,0,84.232
16.06,-9.89728,-0.31148,0,0,0,0,84.235
16.07,-9.89821,-0.311739,0,0,0,0,84.227
16.08,-9.89908,-0.312021,0,0,0,0,84.228
16.09,-9.8999,-0.312327,0,0,0,0,84.229
16.1,-9.90102,-0.312415,0,0,0,0,84.231
16.11,-9.90444,-0.310945,0,0,0,0,84.224
16.12,-9.90803,-0.3093,0,0,0,0,84.22
16.13,-9.91141,-0.307722,0,0,0,0,84.225
16.14,-9.91457,-0.306208,0,0,0,0,84.223
16.15,-9.91754,-0.304741,0,0,0,0,84.227
16.16,-9.92044,-0.30323,0,0,0,0,84.22
16.17,-9.92313,-0.301764,0,0,0,0,84.219
16.18,-9.92559,-0.300356,0,0,0,0,84.224
16.19,-9.92782,-0.299003,0,0,0,0,84.218
16.2,-9.92922,-0.298161,0,0,0,0,84.222
16.21,-9.92651,-0.300399,0,0,0,0,84.222
16.22,-9.92323,-0.303086,0,0,0,0,84.232
16.23,-9.92,-0.305761,0,0,0,0,84.224
16.24,-9.91682,-0.308425,0,0,0,0,84.223
16.25,-9.91407,-0.310766,0,0,0,0,84.216
16.26,-9.91377,-0.311029,0,0,0,0,84.213
16.27,-9.91373,-0.310998,0,0,0,0,84.221
16.28,-9.91356,-0.310987,0,0,0,0,84.226
16.29,-9.91327,-0.310993,0,0,0,0,84.213
16.3,-9.91284,-0.311026,0,0,0,0,84.217
16.31,-9.91223,-0.311138,0,0,0,0,84.216
16.32,-9.91148,-0.311272,0,0,0,0,84.219
16.33,-9.91062,-0.311419,0,0,0,0,84.22
16.34,-9.90965,-0.311576,0,0,0,0,84.218
16.35,-9.90856,-0.311732,0,0,0,0,84.217
16.36,-9.90743,-0.311825,0,0,0,0,84.215
16.37,-9.90619,-0.311916,0,0,0,0,84.217
16.38,-9.90484,-0.312014,0,0,0,0,84.213
16.39,-9.90337,-0.312119,0,0,0,0,84.216
16.4,-9.90158,-0.312492,0,0,0,0,84.21
16.41,-9.89844,-0.314619,0,0,0,0,84.213
16.42,-9.89513,-0.317002,0,0,0,0,84.214
16.43,-9.89187,-0.319377,0,0,0,0,84.214
16.44,-9.88865,-0.321744,0,0,0,0,84.214
16.45,-9.88568,-0.323786,0,0,0,0,84.214
16.46,-9.88395,-0.323701,0,0,0,0,84.212
16.47,-9.88229,-0.323302,0,0,0,0,84.216
16.48,-9.88051,-0.322906,0,0,0,0,84.211
16.49,-9.87859,-0.322514,0,0,0,0,84.213
16.5,-9.87648,-0.322285,0,0,0,0,84.206
16.51,-9.87381,-0.323141,0,0,0,0,84.218
16.52,-9.87105,-0.324153,0,0,0,0,84.212
16.53,-9.86825,-0.32516,0,0,0,0,84.213
16.54,-9.86544,-0.32616,0,0,0,0,84.214
16.55,-9.8626,-0.327171,0,0,0,0,84.211
16.56,-9.85972,-0.328292,0,0,0,0,84.21
16.57,-9.85682,-0.329425,0,0,0,0,84.213
16.58,-9.85392,-0.33055,0,0,0,0,84.213
16.59,-9.85102,-0.33167,0,0,0,0,84.212
16.6,-9.84811,-0.332858,0,0,0,0,84.211
16.61,-9.84516,-0.334545,0,0,0,0,84.208
16.62,-9.84223,-0.336304,0,0,0,0,84.212
16.63,-9.83936,-0.338058,0,0,0,0,84.208
16.64,-9.83653,-0.339808,0,0,0,0,84.211
16.65,-9.83375,-0.341398,0,0,0,0,84.209
16.66,-9.83095,-0.341933,0,0,0,0,84.209
16.67,-9.82813,-0.342304,0,0,0,0,84.211
16.68,-9.82528,-0.342668,0,0,0,0,84.209
16.69,-9.8224,-0.343025,0,0,0,0,84.208
16.7,-9.8195,-0.343369,0,0,0,0,84.213
16.71,-9.81657,-0.343666,0,0,0,0,84.207
16.72,-9.81362,-0.34395,0,0,0,0,84.211
16.73,-9.81065,-0.344226,0,0,0,0,84.206
